Date;strike
13/03/2002;True
14/03/2002;True
15/03/2002;True
16/03/2002;False
17/03/2002;False
18/03/2002;False
19/03/2002;False
20/03/2002;False
21/03/2002;False
22/03/2002;False
23/03/2002;False
24/03/2002;False
25/03/2002;False
26/03/2002;False
27/03/2002;False
28/03/2002;False
29/03/2002;False
30/03/2002;False
31/03/2002;False
01/04/2002;False
02/04/2002;False
03/04/2002;False
04/04/2002;False
05/04/2002;False
06/04/2002;False
07/04/2002;False
08/04/2002;False
09/04/2002;False
10/04/2002;False
11/04/2002;False
12/04/2002;False
13/04/2002;False
14/04/2002;False
15/04/2002;False
16/04/2002;False
17/04/2002;False
18/04/2002;False
19/04/2002;False
20/04/2002;False
21/04/2002;False
22/04/2002;False
23/04/2002;False
24/04/2002;False
25/04/2002;False
26/04/2002;False
27/04/2002;False
28/04/2002;False
29/04/2002;False
30/04/2002;False
01/05/2002;False
02/05/2002;False
03/05/2002;False
04/05/2002;False
05/05/2002;False
06/05/2002;False
07/05/2002;False
08/05/2002;False
09/05/2002;False
10/05/2002;False
11/05/2002;False
12/05/2002;False
13/05/2002;False
14/05/2002;False
15/05/2002;False
16/05/2002;False
17/05/2002;False
18/05/2002;False
19/05/2002;False
20/05/2002;False
21/05/2002;False
22/05/2002;False
23/05/2002;False
24/05/2002;False
25/05/2002;False
26/05/2002;False
27/05/2002;False
28/05/2002;False
29/05/2002;False
30/05/2002;False
31/05/2002;False
01/06/2002;False
02/06/2002;False
03/06/2002;False
04/06/2002;False
05/06/2002;False
06/06/2002;False
07/06/2002;False
08/06/2002;False
09/06/2002;False
10/06/2002;False
11/06/2002;False
12/06/2002;False
13/06/2002;False
14/06/2002;False
15/06/2002;False
16/06/2002;False
17/06/2002;False
18/06/2002;False
19/06/2002;False
20/06/2002;False
21/06/2002;False
22/06/2002;False
23/06/2002;False
24/06/2002;False
25/06/2002;False
26/06/2002;False
27/06/2002;False
28/06/2002;False
29/06/2002;False
30/06/2002;False
01/07/2002;False
02/07/2002;False
03/07/2002;False
04/07/2002;False
05/07/2002;False
06/07/2002;False
07/07/2002;False
08/07/2002;False
09/07/2002;False
10/07/2002;False
11/07/2002;False
12/07/2002;False
13/07/2002;False
14/07/2002;False
15/07/2002;False
16/07/2002;False
17/07/2002;False
18/07/2002;False
19/07/2002;False
20/07/2002;False
21/07/2002;False
22/07/2002;False
23/07/2002;False
24/07/2002;False
25/07/2002;False
26/07/2002;False
27/07/2002;False
28/07/2002;False
29/07/2002;False
30/07/2002;False
31/07/2002;False
01/08/2002;False
02/08/2002;False
03/08/2002;False
04/08/2002;False
05/08/2002;False
06/08/2002;False
07/08/2002;False
08/08/2002;False
09/08/2002;False
10/08/2002;False
11/08/2002;False
12/08/2002;False
13/08/2002;False
14/08/2002;False
15/08/2002;False
16/08/2002;False
17/08/2002;False
18/08/2002;False
19/08/2002;False
20/08/2002;False
21/08/2002;False
22/08/2002;False
23/08/2002;False
24/08/2002;False
25/08/2002;False
26/08/2002;False
27/08/2002;False
28/08/2002;False
29/08/2002;False
30/08/2002;False
31/08/2002;False
01/09/2002;False
02/09/2002;False
03/09/2002;False
04/09/2002;False
05/09/2002;False
06/09/2002;False
07/09/2002;False
08/09/2002;False
09/09/2002;False
10/09/2002;False
11/09/2002;False
12/09/2002;False
13/09/2002;False
14/09/2002;False
15/09/2002;False
16/09/2002;False
17/09/2002;False
18/09/2002;False
19/09/2002;False
20/09/2002;False
21/09/2002;False
22/09/2002;False
23/09/2002;False
24/09/2002;False
25/09/2002;False
26/09/2002;False
27/09/2002;False
28/09/2002;False
29/09/2002;False
30/09/2002;False
01/10/2002;False
02/10/2002;True
03/10/2002;True
04/10/2002;True
05/10/2002;False
06/10/2002;False
07/10/2002;False
08/10/2002;False
09/10/2002;False
10/10/2002;False
11/10/2002;False
12/10/2002;False
13/10/2002;False
14/10/2002;False
15/10/2002;False
16/10/2002;False
17/10/2002;False
18/10/2002;False
19/10/2002;False
20/10/2002;False
21/10/2002;False
22/10/2002;False
23/10/2002;False
24/10/2002;False
25/10/2002;False
26/10/2002;False
27/10/2002;False
28/10/2002;False
29/10/2002;False
30/10/2002;False
31/10/2002;False
01/11/2002;False
02/11/2002;False
03/11/2002;False
04/11/2002;False
05/11/2002;False
06/11/2002;False
07/11/2002;False
08/11/2002;False
09/11/2002;False
10/11/2002;False
11/11/2002;False
12/11/2002;False
13/11/2002;False
14/11/2002;False
15/11/2002;False
16/11/2002;False
17/11/2002;False
18/11/2002;False
19/11/2002;False
20/11/2002;False
21/11/2002;False
22/11/2002;False
23/11/2002;False
24/11/2002;False
25/11/2002;True
26/11/2002;True
27/11/2002;True
28/11/2002;False
29/11/2002;False
30/11/2002;False
01/12/2002;False
02/12/2002;False
03/12/2002;False
04/12/2002;False
05/12/2002;False
06/12/2002;False
07/12/2002;False
08/12/2002;False
09/12/2002;False
10/12/2002;False
11/12/2002;False
12/12/2002;False
13/12/2002;False
14/12/2002;False
15/12/2002;False
16/12/2002;False
17/12/2002;False
18/12/2002;False
19/12/2002;False
20/12/2002;False
21/12/2002;False
22/12/2002;False
23/12/2002;False
24/12/2002;False
25/12/2002;False
26/12/2002;False
27/12/2002;False
28/12/2002;False
29/12/2002;False
30/12/2002;False
31/12/2002;False
01/01/2003;False
02/01/2003;False
03/01/2003;False
04/01/2003;False
05/01/2003;False
06/01/2003;False
07/01/2003;False
08/01/2003;False
09/01/2003;False
10/01/2003;False
11/01/2003;False
12/01/2003;False
13/01/2003;False
14/01/2003;False
15/01/2003;False
16/01/2003;False
17/01/2003;False
18/01/2003;False
19/01/2003;False
20/01/2003;False
21/01/2003;False
22/01/2003;False
23/01/2003;False
24/01/2003;False
25/01/2003;False
26/01/2003;False
27/01/2003;False
28/01/2003;True
29/01/2003;True
30/01/2003;True
31/01/2003;True
01/02/2003;True
02/02/2003;True
03/02/2003;False
04/02/2003;False
05/02/2003;False
06/02/2003;False
07/02/2003;False
08/02/2003;False
09/02/2003;False
10/02/2003;True
11/02/2003;True
12/02/2003;True
13/02/2003;False
14/02/2003;False
15/02/2003;False
16/02/2003;False
17/02/2003;False
18/02/2003;False
19/02/2003;False
20/02/2003;False
21/02/2003;False
22/02/2003;False
23/02/2003;False
24/02/2003;False
25/02/2003;False
26/02/2003;False
27/02/2003;False
28/02/2003;False
01/03/2003;False
02/03/2003;False
03/03/2003;False
04/03/2003;False
05/03/2003;False
06/03/2003;False
07/03/2003;False
08/03/2003;False
09/03/2003;False
10/03/2003;False
11/03/2003;False
12/03/2003;False
13/03/2003;False
14/03/2003;False
15/03/2003;False
16/03/2003;False
17/03/2003;True
18/03/2003;True
19/03/2003;True
20/03/2003;False
21/03/2003;False
22/03/2003;False
23/03/2003;False
24/03/2003;False
25/03/2003;False
26/03/2003;False
27/03/2003;False
28/03/2003;False
29/03/2003;False
30/03/2003;False
31/03/2003;False
01/04/2003;False
02/04/2003;True
03/04/2003;True
04/04/2003;True
05/04/2003;False
06/04/2003;False
07/04/2003;False
08/04/2003;False
09/04/2003;False
10/04/2003;False
11/04/2003;False
12/04/2003;False
13/04/2003;False
14/04/2003;False
15/04/2003;False
16/04/2003;False
17/04/2003;False
18/04/2003;False
19/04/2003;False
20/04/2003;False
21/04/2003;False
22/04/2003;False
23/04/2003;False
24/04/2003;False
25/04/2003;False
26/04/2003;False
27/04/2003;False
28/04/2003;False
29/04/2003;False
30/04/2003;False
01/05/2003;False
02/05/2003;False
03/05/2003;False
04/05/2003;False
05/05/2003;False
06/05/2003;False
07/05/2003;False
08/05/2003;False
09/05/2003;False
10/05/2003;False
11/05/2003;False
12/05/2003;True
13/05/2003;True
14/05/2003;True
15/05/2003;False
16/05/2003;False
17/05/2003;False
18/05/2003;False
19/05/2003;False
20/05/2003;False
21/05/2003;False
22/05/2003;True
23/05/2003;False
24/05/2003;False
25/05/2003;False
26/05/2003;False
27/05/2003;False
28/05/2003;False
29/05/2003;False
30/05/2003;False
31/05/2003;False
01/06/2003;False
02/06/2003;False
03/06/2003;False
04/06/2003;False
05/06/2003;False
06/06/2003;False
07/06/2003;False
08/06/2003;False
09/06/2003;False
10/06/2003;True
11/06/2003;True
12/06/2003;False
13/06/2003;False
14/06/2003;False
15/06/2003;False
16/06/2003;False
17/06/2003;False
18/06/2003;False
19/06/2003;True
20/06/2003;True
21/06/2003;False
22/06/2003;False
23/06/2003;False
24/06/2003;False
25/06/2003;False
26/06/2003;False
27/06/2003;False
28/06/2003;False
29/06/2003;False
30/06/2003;False
01/07/2003;False
02/07/2003;False
03/07/2003;False
04/07/2003;False
05/07/2003;False
06/07/2003;False
07/07/2003;False
08/07/2003;False
09/07/2003;False
10/07/2003;False
11/07/2003;False
12/07/2003;False
13/07/2003;False
14/07/2003;False
15/07/2003;False
16/07/2003;False
17/07/2003;False
18/07/2003;False
19/07/2003;False
20/07/2003;False
21/07/2003;False
22/07/2003;False
23/07/2003;False
24/07/2003;False
25/07/2003;False
26/07/2003;False
27/07/2003;False
28/07/2003;False
29/07/2003;False
30/07/2003;False
31/07/2003;False
01/08/2003;False
02/08/2003;False
03/08/2003;False
04/08/2003;False
05/08/2003;False
06/08/2003;False
07/08/2003;False
08/08/2003;False
09/08/2003;False
10/08/2003;False
11/08/2003;False
12/08/2003;False
13/08/2003;False
14/08/2003;False
15/08/2003;False
16/08/2003;False
17/08/2003;False
18/08/2003;False
19/08/2003;False
20/08/2003;False
21/08/2003;False
22/08/2003;False
23/08/2003;False
24/08/2003;False
25/08/2003;False
26/08/2003;False
27/08/2003;False
28/08/2003;False
29/08/2003;False
30/08/2003;False
31/08/2003;False
01/09/2003;False
02/09/2003;False
03/09/2003;False
04/09/2003;False
05/09/2003;False
06/09/2003;False
07/09/2003;False
08/09/2003;False
09/09/2003;False
10/09/2003;False
11/09/2003;False
12/09/2003;False
13/09/2003;False
14/09/2003;False
15/09/2003;False
16/09/2003;False
17/09/2003;False
18/09/2003;False
19/09/2003;False
20/09/2003;False
21/09/2003;False
22/09/2003;False
23/09/2003;False
24/09/2003;False
25/09/2003;False
26/09/2003;False
27/09/2003;False
28/09/2003;False
29/09/2003;False
30/09/2003;False
01/10/2003;False
02/10/2003;False
03/10/2003;False
04/10/2003;False
05/10/2003;False
06/10/2003;False
07/10/2003;False
08/10/2003;False
09/10/2003;False
10/10/2003;False
11/10/2003;False
12/10/2003;False
13/10/2003;False
14/10/2003;False
15/10/2003;False
16/10/2003;False
17/10/2003;False
18/10/2003;False
19/10/2003;False
20/10/2003;False
21/10/2003;False
22/10/2003;False
23/10/2003;False
24/10/2003;False
25/10/2003;False
26/10/2003;False
27/10/2003;False
28/10/2003;False
29/10/2003;False
30/10/2003;False
31/10/2003;False
01/11/2003;False
02/11/2003;False
03/11/2003;False
04/11/2003;False
05/11/2003;False
06/11/2003;False
07/11/2003;False
08/11/2003;False
09/11/2003;False
10/11/2003;False
11/11/2003;False
12/11/2003;False
13/11/2003;False
14/11/2003;False
15/11/2003;False
16/11/2003;False
17/11/2003;False
18/11/2003;False
19/11/2003;False
20/11/2003;False
21/11/2003;False
22/11/2003;False
23/11/2003;False
24/11/2003;False
25/11/2003;False
26/11/2003;False
27/11/2003;False
28/11/2003;False
29/11/2003;False
30/11/2003;False
01/12/2003;False
02/12/2003;False
03/12/2003;False
04/12/2003;False
05/12/2003;False
06/12/2003;False
07/12/2003;False
08/12/2003;False
09/12/2003;False
10/12/2003;False
11/12/2003;False
12/12/2003;False
13/12/2003;False
14/12/2003;False
15/12/2003;False
16/12/2003;True
17/12/2003;True
18/12/2003;True
19/12/2003;False
20/12/2003;False
21/12/2003;False
22/12/2003;False
23/12/2003;False
24/12/2003;False
25/12/2003;False
26/12/2003;False
27/12/2003;False
28/12/2003;False
29/12/2003;False
30/12/2003;False
31/12/2003;False
01/01/2004;False
02/01/2004;False
03/01/2004;False
04/01/2004;False
05/01/2004;False
06/01/2004;False
07/01/2004;False
08/01/2004;False
09/01/2004;False
10/01/2004;False
11/01/2004;False
12/01/2004;False
13/01/2004;False
14/01/2004;False
15/01/2004;False
16/01/2004;False
17/01/2004;False
18/01/2004;False
19/01/2004;False
20/01/2004;True
21/01/2004;True
22/01/2004;True
23/01/2004;False
24/01/2004;False
25/01/2004;False
26/01/2004;False
27/01/2004;False
28/01/2004;False
29/01/2004;False
30/01/2004;False
31/01/2004;False
01/02/2004;False
02/02/2004;False
03/02/2004;False
04/02/2004;False
05/02/2004;False
06/02/2004;False
07/02/2004;False
08/02/2004;False
09/02/2004;False
10/02/2004;False
11/02/2004;False
12/02/2004;False
13/02/2004;False
14/02/2004;False
15/02/2004;False
16/02/2004;False
17/02/2004;False
18/02/2004;False
19/02/2004;False
20/02/2004;False
21/02/2004;False
22/02/2004;False
23/02/2004;False
24/02/2004;False
25/02/2004;False
26/02/2004;False
27/02/2004;False
28/02/2004;False
29/02/2004;False
01/03/2004;False
02/03/2004;False
03/03/2004;False
04/03/2004;False
05/03/2004;False
06/03/2004;False
07/03/2004;False
08/03/2004;False
09/03/2004;False
10/03/2004;False
11/03/2004;False
12/03/2004;False
13/03/2004;False
14/03/2004;False
15/03/2004;False
16/03/2004;False
17/03/2004;False
18/03/2004;False
19/03/2004;False
20/03/2004;False
21/03/2004;False
22/03/2004;False
23/03/2004;False
24/03/2004;False
25/03/2004;False
26/03/2004;False
27/03/2004;False
28/03/2004;False
29/03/2004;False
30/03/2004;False
31/03/2004;False
01/04/2004;False
02/04/2004;False
03/04/2004;False
04/04/2004;False
05/04/2004;False
06/04/2004;False
07/04/2004;False
08/04/2004;False
09/04/2004;False
10/04/2004;False
11/04/2004;False
12/04/2004;False
13/04/2004;False
14/04/2004;False
15/04/2004;False
16/04/2004;False
17/04/2004;False
18/04/2004;False
19/04/2004;False
20/04/2004;False
21/04/2004;False
22/04/2004;False
23/04/2004;False
24/04/2004;False
25/04/2004;False
26/04/2004;False
27/04/2004;False
28/04/2004;False
29/04/2004;False
30/04/2004;False
01/05/2004;False
02/05/2004;False
03/05/2004;False
04/05/2004;False
05/05/2004;False
06/05/2004;False
07/05/2004;False
08/05/2004;False
09/05/2004;False
10/05/2004;False
11/05/2004;False
12/05/2004;True
13/05/2004;True
14/05/2004;True
15/05/2004;False
16/05/2004;False
17/05/2004;False
18/05/2004;False
19/05/2004;False
20/05/2004;False
21/05/2004;False
22/05/2004;False
23/05/2004;False
24/05/2004;False
25/05/2004;True
26/05/2004;False
27/05/2004;False
28/05/2004;False
29/05/2004;False
30/05/2004;False
31/05/2004;False
01/06/2004;False
02/06/2004;False
03/06/2004;False
04/06/2004;False
05/06/2004;False
06/06/2004;False
07/06/2004;False
08/06/2004;False
09/06/2004;False
10/06/2004;False
11/06/2004;True
12/06/2004;True
13/06/2004;True
14/06/2004;True
15/06/2004;True
16/06/2004;True
17/06/2004;True
18/06/2004;True
19/06/2004;True
20/06/2004;True
21/06/2004;True
22/06/2004;False
23/06/2004;False
24/06/2004;False
25/06/2004;False
26/06/2004;False
27/06/2004;False
28/06/2004;False
29/06/2004;False
30/06/2004;False
01/07/2004;False
02/07/2004;False
03/07/2004;False
04/07/2004;False
05/07/2004;False
06/07/2004;True
07/07/2004;False
08/07/2004;False
09/07/2004;False
10/07/2004;False
11/07/2004;False
12/07/2004;False
13/07/2004;False
14/07/2004;False
15/07/2004;False
16/07/2004;False
17/07/2004;False
18/07/2004;False
19/07/2004;False
20/07/2004;False
21/07/2004;False
22/07/2004;False
23/07/2004;False
24/07/2004;False
25/07/2004;False
26/07/2004;False
27/07/2004;False
28/07/2004;False
29/07/2004;False
30/07/2004;False
31/07/2004;False
01/08/2004;False
02/08/2004;False
03/08/2004;False
04/08/2004;False
05/08/2004;False
06/08/2004;False
07/08/2004;False
08/08/2004;False
09/08/2004;False
10/08/2004;False
11/08/2004;False
12/08/2004;False
13/08/2004;False
14/08/2004;False
15/08/2004;False
16/08/2004;False
17/08/2004;False
18/08/2004;False
19/08/2004;False
20/08/2004;False
21/08/2004;False
22/08/2004;False
23/08/2004;False
24/08/2004;False
25/08/2004;False
26/08/2004;False
27/08/2004;False
28/08/2004;False
29/08/2004;False
30/08/2004;False
31/08/2004;False
01/09/2004;False
02/09/2004;False
03/09/2004;False
04/09/2004;False
05/09/2004;False
06/09/2004;False
07/09/2004;False
08/09/2004;True
08/09/2004;True
09/09/2004;True
09/09/2004;True
10/09/2004;True
10/09/2004;True
11/09/2004;False
12/09/2004;False
13/09/2004;False
14/09/2004;False
15/09/2004;False
16/09/2004;False
17/09/2004;False
18/09/2004;False
19/09/2004;False
20/09/2004;False
21/09/2004;False
22/09/2004;False
23/09/2004;False
24/09/2004;False
25/09/2004;False
26/09/2004;False
27/09/2004;False
28/09/2004;False
29/09/2004;False
30/09/2004;False
01/10/2004;False
02/10/2004;False
03/10/2004;False
04/10/2004;False
05/10/2004;False
06/10/2004;False
07/10/2004;False
08/10/2004;False
09/10/2004;False
10/10/2004;False
11/10/2004;False
12/10/2004;False
13/10/2004;False
14/10/2004;False
15/10/2004;False
16/10/2004;False
17/10/2004;False
18/10/2004;False
19/10/2004;False
20/10/2004;False
21/10/2004;False
22/10/2004;False
23/10/2004;False
24/10/2004;False
25/10/2004;False
26/10/2004;False
27/10/2004;False
28/10/2004;False
29/10/2004;False
30/10/2004;False
31/10/2004;False
01/11/2004;False
02/11/2004;False
03/11/2004;False
04/11/2004;False
05/11/2004;False
06/11/2004;False
07/11/2004;False
08/11/2004;False
09/11/2004;True
10/11/2004;False
11/11/2004;False
12/11/2004;False
13/11/2004;False
14/11/2004;False
15/11/2004;False
16/11/2004;False
17/11/2004;False
18/11/2004;False
19/11/2004;False
20/11/2004;False
21/11/2004;False
22/11/2004;False
23/11/2004;False
24/11/2004;True
24/11/2004;True
25/11/2004;True
25/11/2004;True
26/11/2004;True
26/11/2004;True
27/11/2004;False
28/11/2004;False
29/11/2004;False
30/11/2004;False
01/12/2004;False
02/12/2004;False
03/12/2004;False
04/12/2004;False
05/12/2004;False
06/12/2004;False
07/12/2004;True
08/12/2004;True
09/12/2004;False
10/12/2004;False
11/12/2004;False
12/12/2004;False
13/12/2004;False
14/12/2004;False
15/12/2004;False
16/12/2004;False
17/12/2004;False
18/12/2004;False
19/12/2004;False
20/12/2004;False
21/12/2004;False
22/12/2004;False
23/12/2004;False
24/12/2004;False
25/12/2004;False
26/12/2004;False
27/12/2004;False
28/12/2004;False
29/12/2004;False
30/12/2004;False
31/12/2004;False
01/01/2005;False
02/01/2005;False
03/01/2005;False
04/01/2005;False
05/01/2005;False
06/01/2005;False
07/01/2005;True
08/01/2005;False
09/01/2005;False
10/01/2005;True
11/01/2005;True
12/01/2005;True
13/01/2005;False
14/01/2005;True
15/01/2005;False
16/01/2005;False
17/01/2005;False
18/01/2005;True
19/01/2005;True
20/01/2005;True
21/01/2005;True
22/01/2005;True
23/01/2005;True
24/01/2005;True
25/01/2005;True
26/01/2005;True
27/01/2005;True
28/01/2005;True
28/01/2005;True
29/01/2005;False
30/01/2005;False
31/01/2005;False
01/02/2005;False
02/02/2005;False
03/02/2005;False
04/02/2005;True
05/02/2005;False
06/02/2005;False
07/02/2005;False
08/02/2005;False
09/02/2005;True
10/02/2005;False
11/02/2005;False
12/02/2005;False
13/02/2005;False
14/02/2005;False
15/02/2005;False
16/02/2005;False
17/02/2005;False
18/02/2005;False
19/02/2005;False
20/02/2005;False
21/02/2005;False
22/02/2005;False
23/02/2005;False
24/02/2005;False
25/02/2005;False
26/02/2005;False
27/02/2005;False
28/02/2005;False
01/03/2005;False
02/03/2005;False
03/03/2005;False
04/03/2005;False
05/03/2005;False
06/03/2005;False
07/03/2005;False
08/03/2005;False
09/03/2005;True
10/03/2005;True
11/03/2005;True
12/03/2005;False
13/03/2005;False
14/03/2005;False
15/03/2005;False
16/03/2005;False
17/03/2005;False
18/03/2005;False
19/03/2005;False
20/03/2005;False
21/03/2005;False
22/03/2005;False
23/03/2005;False
24/03/2005;False
25/03/2005;False
26/03/2005;False
27/03/2005;False
28/03/2005;False
29/03/2005;False
30/03/2005;False
31/03/2005;False
01/04/2005;False
02/04/2005;False
03/04/2005;False
04/04/2005;False
05/04/2005;False
06/04/2005;False
07/04/2005;False
08/04/2005;False
09/04/2005;False
10/04/2005;False
11/04/2005;False
12/04/2005;False
13/04/2005;False
14/04/2005;False
15/04/2005;False
16/04/2005;False
17/04/2005;False
18/04/2005;False
19/04/2005;False
20/04/2005;False
21/04/2005;False
22/04/2005;False
23/04/2005;False
24/04/2005;False
25/04/2005;False
26/04/2005;False
27/04/2005;False
28/04/2005;False
29/04/2005;False
30/04/2005;False
01/05/2005;False
02/05/2005;False
03/05/2005;False
04/05/2005;False
05/05/2005;False
06/05/2005;False
07/05/2005;False
08/05/2005;False
09/05/2005;False
10/05/2005;False
11/05/2005;False
12/05/2005;False
13/05/2005;False
14/05/2005;False
15/05/2005;True
16/05/2005;True
17/05/2005;True
18/05/2005;False
19/05/2005;False
20/05/2005;False
21/05/2005;False
22/05/2005;False
23/05/2005;False
24/05/2005;False
25/05/2005;False
26/05/2005;False
27/05/2005;False
28/05/2005;False
29/05/2005;False
30/05/2005;False
31/05/2005;False
01/06/2005;True
02/06/2005;True
03/06/2005;True
04/06/2005;False
05/06/2005;False
06/06/2005;False
07/06/2005;False
08/06/2005;False
09/06/2005;False
10/06/2005;False
11/06/2005;False
12/06/2005;False
13/06/2005;False
14/06/2005;False
15/06/2005;False
16/06/2005;False
17/06/2005;False
18/06/2005;False
19/06/2005;False
20/06/2005;True
21/06/2005;True
22/06/2005;True
23/06/2005;False
24/06/2005;False
25/06/2005;False
26/06/2005;False
27/06/2005;False
28/06/2005;False
29/06/2005;False
30/06/2005;False
01/07/2005;False
02/07/2005;False
03/07/2005;False
04/07/2005;False
05/07/2005;False
06/07/2005;False
07/07/2005;False
08/07/2005;False
09/07/2005;False
10/07/2005;False
11/07/2005;False
12/07/2005;False
13/07/2005;False
14/07/2005;False
15/07/2005;False
16/07/2005;False
17/07/2005;False
18/07/2005;False
19/07/2005;False
20/07/2005;False
21/07/2005;False
22/07/2005;False
23/07/2005;False
24/07/2005;False
25/07/2005;False
26/07/2005;False
27/07/2005;False
28/07/2005;False
29/07/2005;False
30/07/2005;False
31/07/2005;False
01/08/2005;False
02/08/2005;False
03/08/2005;False
04/08/2005;False
05/08/2005;False
06/08/2005;False
07/08/2005;False
08/08/2005;False
09/08/2005;False
10/08/2005;False
11/08/2005;False
12/08/2005;False
13/08/2005;False
14/08/2005;False
15/08/2005;False
16/08/2005;False
17/08/2005;False
18/08/2005;False
19/08/2005;False
20/08/2005;False
21/08/2005;False
22/08/2005;False
23/08/2005;False
24/08/2005;False
25/08/2005;False
26/08/2005;False
27/08/2005;False
28/08/2005;False
29/08/2005;False
30/08/2005;False
31/08/2005;False
01/09/2005;False
02/09/2005;False
03/09/2005;False
04/09/2005;False
05/09/2005;False
06/09/2005;False
07/09/2005;False
08/09/2005;False
09/09/2005;False
10/09/2005;False
11/09/2005;False
12/09/2005;False
13/09/2005;False
14/09/2005;False
15/09/2005;False
16/09/2005;False
17/09/2005;False
18/09/2005;False
19/09/2005;False
20/09/2005;False
21/09/2005;False
22/09/2005;False
23/09/2005;False
24/09/2005;False
25/09/2005;False
26/09/2005;False
27/09/2005;False
28/09/2005;False
29/09/2005;False
30/09/2005;False
01/10/2005;False
02/10/2005;False
03/10/2005;True
04/10/2005;True
05/10/2005;True
06/10/2005;False
07/10/2005;False
08/10/2005;False
09/10/2005;False
10/10/2005;False
11/10/2005;False
12/10/2005;False
13/10/2005;False
14/10/2005;False
15/10/2005;False
16/10/2005;False
17/10/2005;False
18/10/2005;False
19/10/2005;False
20/10/2005;False
21/10/2005;False
22/10/2005;False
23/10/2005;False
24/10/2005;False
25/10/2005;False
26/10/2005;False
27/10/2005;False
28/10/2005;False
29/10/2005;False
30/10/2005;False
31/10/2005;False
01/11/2005;False
02/11/2005;False
03/11/2005;False
04/11/2005;False
05/11/2005;False
06/11/2005;False
07/11/2005;False
08/11/2005;True
09/11/2005;True
10/11/2005;True
11/11/2005;False
12/11/2005;False
13/11/2005;False
14/11/2005;False
15/11/2005;False
16/11/2005;False
17/11/2005;False
18/11/2005;False
19/11/2005;False
20/11/2005;False
21/11/2005;False
22/11/2005;False
23/11/2005;False
24/11/2005;False
25/11/2005;False
26/11/2005;False
27/11/2005;False
28/11/2005;False
29/11/2005;False
30/11/2005;False
01/12/2005;False
02/12/2005;False
03/12/2005;False
04/12/2005;False
05/12/2005;False
06/12/2005;False
07/12/2005;False
08/12/2005;False
09/12/2005;False
10/12/2005;False
11/12/2005;False
12/12/2005;False
13/12/2005;False
14/12/2005;False
15/12/2005;False
16/12/2005;False
17/12/2005;False
18/12/2005;False
19/12/2005;False
20/12/2005;False
21/12/2005;False
22/12/2005;False
23/12/2005;False
24/12/2005;False
25/12/2005;False
26/12/2005;False
27/12/2005;False
28/12/2005;False
29/12/2005;False
30/12/2005;False
31/12/2005;False
01/01/2006;False
02/01/2006;False
03/01/2006;False
04/01/2006;False
05/01/2006;False
06/01/2006;False
07/01/2006;False
08/01/2006;False
09/01/2006;False
10/01/2006;False
11/01/2006;False
12/01/2006;False
13/01/2006;False
14/01/2006;False
15/01/2006;False
16/01/2006;False
17/01/2006;False
18/01/2006;False
19/01/2006;False
20/01/2006;False
21/01/2006;False
22/01/2006;False
23/01/2006;False
24/01/2006;False
25/01/2006;False
26/01/2006;False
27/01/2006;False
28/01/2006;False
29/01/2006;False
30/01/2006;False
31/01/2006;False
01/02/2006;True
02/02/2006;True
03/02/2006;False
04/02/2006;False
05/02/2006;False
06/02/2006;False
07/02/2006;False
08/02/2006;False
09/02/2006;False
10/02/2006;False
11/02/2006;False
12/02/2006;False
13/02/2006;False
14/02/2006;False
15/02/2006;False
16/02/2006;False
17/02/2006;False
18/02/2006;False
19/02/2006;False
20/02/2006;False
21/02/2006;False
22/02/2006;False
23/02/2006;False
24/02/2006;False
25/02/2006;False
26/02/2006;False
27/02/2006;False
28/02/2006;False
01/03/2006;True
02/03/2006;True
02/03/2006;True
03/03/2006;True
04/03/2006;False
05/03/2006;False
06/03/2006;True
07/03/2006;True
08/03/2006;True
09/03/2006;False
10/03/2006;False
11/03/2006;False
12/03/2006;False
13/03/2006;False
14/03/2006;False
15/03/2006;False
16/03/2006;True
17/03/2006;True
18/03/2006;False
19/03/2006;False
20/03/2006;False
21/03/2006;False
22/03/2006;False
23/03/2006;False
24/03/2006;False
25/03/2006;False
26/03/2006;False
27/03/2006;True
28/03/2006;True
29/03/2006;True
30/03/2006;False
31/03/2006;False
01/04/2006;False
02/04/2006;False
03/04/2006;False
04/04/2006;True
05/04/2006;True
06/04/2006;False
07/04/2006;False
08/04/2006;False
09/04/2006;False
10/04/2006;False
11/04/2006;False
12/04/2006;False
13/04/2006;False
14/04/2006;False
15/04/2006;False
16/04/2006;False
17/04/2006;False
18/04/2006;False
19/04/2006;False
20/04/2006;False
21/04/2006;False
22/04/2006;False
23/04/2006;False
24/04/2006;False
25/04/2006;False
26/04/2006;False
27/04/2006;False
28/04/2006;False
29/04/2006;False
30/04/2006;False
01/05/2006;False
02/05/2006;False
03/05/2006;False
04/05/2006;False
05/05/2006;False
06/05/2006;False
07/05/2006;False
08/05/2006;False
09/05/2006;False
10/05/2006;False
11/05/2006;False
12/05/2006;False
13/05/2006;False
14/05/2006;False
15/05/2006;False
16/05/2006;False
17/05/2006;False
18/05/2006;False
19/05/2006;False
20/05/2006;False
21/05/2006;False
22/05/2006;False
23/05/2006;False
24/05/2006;False
25/05/2006;False
26/05/2006;False
27/05/2006;False
28/05/2006;False
29/05/2006;False
30/05/2006;False
31/05/2006;False
01/06/2006;False
02/06/2006;False
03/06/2006;False
04/06/2006;False
05/06/2006;False
06/06/2006;False
07/06/2006;False
08/06/2006;False
09/06/2006;False
10/06/2006;False
11/06/2006;False
12/06/2006;False
13/06/2006;True
14/06/2006;True
14/06/2006;True
15/06/2006;True
16/06/2006;False
17/06/2006;False
18/06/2006;False
19/06/2006;False
20/06/2006;False
21/06/2006;False
22/06/2006;False
23/06/2006;False
24/06/2006;False
25/06/2006;False
26/06/2006;False
27/06/2006;False
28/06/2006;False
29/06/2006;False
30/06/2006;False
01/07/2006;False
02/07/2006;False
03/07/2006;False
04/07/2006;False
05/07/2006;False
06/07/2006;False
07/07/2006;False
08/07/2006;False
09/07/2006;False
10/07/2006;False
11/07/2006;False
12/07/2006;False
13/07/2006;False
14/07/2006;False
15/07/2006;False
16/07/2006;False
17/07/2006;False
18/07/2006;False
19/07/2006;False
20/07/2006;False
21/07/2006;False
22/07/2006;False
23/07/2006;False
24/07/2006;False
25/07/2006;False
26/07/2006;False
27/07/2006;False
28/07/2006;False
29/07/2006;False
30/07/2006;False
31/07/2006;False
01/08/2006;False
02/08/2006;False
03/08/2006;False
04/08/2006;False
05/08/2006;False
06/08/2006;False
07/08/2006;False
08/08/2006;False
09/08/2006;False
10/08/2006;False
11/08/2006;False
12/08/2006;False
13/08/2006;False
14/08/2006;False
15/08/2006;False
16/08/2006;False
17/08/2006;False
18/08/2006;False
19/08/2006;False
20/08/2006;False
21/08/2006;False
22/08/2006;False
23/08/2006;False
24/08/2006;False
25/08/2006;False
26/08/2006;False
27/08/2006;False
28/08/2006;False
29/08/2006;False
30/08/2006;False
31/08/2006;False
01/09/2006;False
02/09/2006;False
03/09/2006;False
04/09/2006;False
05/09/2006;False
06/09/2006;False
07/09/2006;False
08/09/2006;False
09/09/2006;False
10/09/2006;False
11/09/2006;False
12/09/2006;False
13/09/2006;False
14/09/2006;False
15/09/2006;False
16/09/2006;False
17/09/2006;False
18/09/2006;False
19/09/2006;False
20/09/2006;False
21/09/2006;False
22/09/2006;False
23/09/2006;False
24/09/2006;False
25/09/2006;False
26/09/2006;False
27/09/2006;False
28/09/2006;False
29/09/2006;False
30/09/2006;False
01/10/2006;False
02/10/2006;False
03/10/2006;False
04/10/2006;False
05/10/2006;False
06/10/2006;False
07/10/2006;False
08/10/2006;False
09/10/2006;False
10/10/2006;False
11/10/2006;False
12/10/2006;False
13/10/2006;False
14/10/2006;False
15/10/2006;False
16/10/2006;False
17/10/2006;False
18/10/2006;False
19/10/2006;False
20/10/2006;False
21/10/2006;False
22/10/2006;False
23/10/2006;False
24/10/2006;False
25/10/2006;False
26/10/2006;False
27/10/2006;False
28/10/2006;False
29/10/2006;False
30/10/2006;False
31/10/2006;False
01/11/2006;False
02/11/2006;False
03/11/2006;False
04/11/2006;False
05/11/2006;False
06/11/2006;False
07/11/2006;True
07/11/2006;True
07/11/2006;True
08/11/2006;True
08/11/2006;True
08/11/2006;True
09/11/2006;True
09/11/2006;True
09/11/2006;True
10/11/2006;False
11/11/2006;False
12/11/2006;False
13/11/2006;False
14/11/2006;False
15/11/2006;False
16/11/2006;False
17/11/2006;False
18/11/2006;False
19/11/2006;False
20/11/2006;False
21/11/2006;False
22/11/2006;True
23/11/2006;True
24/11/2006;False
25/11/2006;False
26/11/2006;False
27/11/2006;False
28/11/2006;False
29/11/2006;False
30/11/2006;False
01/12/2006;False
02/12/2006;False
03/12/2006;False
04/12/2006;False
05/12/2006;False
06/12/2006;False
07/12/2006;False
08/12/2006;False
09/12/2006;False
10/12/2006;False
11/12/2006;False
12/12/2006;False
13/12/2006;False
14/12/2006;False
15/12/2006;False
16/12/2006;False
17/12/2006;False
18/12/2006;False
19/12/2006;False
20/12/2006;False
21/12/2006;False
22/12/2006;False
23/12/2006;False
24/12/2006;False
25/12/2006;False
26/12/2006;False
27/12/2006;False
28/12/2006;False
29/12/2006;False
30/12/2006;False
31/12/2006;False
01/01/2007;False
02/01/2007;False
03/01/2007;False
04/01/2007;False
05/01/2007;False
06/01/2007;False
07/01/2007;False
08/01/2007;False
09/01/2007;False
10/01/2007;False
11/01/2007;False
12/01/2007;False
13/01/2007;False
14/01/2007;False
15/01/2007;False
16/01/2007;False
17/01/2007;False
18/01/2007;False
19/01/2007;False
20/01/2007;False
21/01/2007;False
22/01/2007;False
23/01/2007;False
24/01/2007;False
25/01/2007;False
26/01/2007;False
27/01/2007;False
28/01/2007;False
29/01/2007;False
30/01/2007;False
31/01/2007;False
01/02/2007;False
02/02/2007;False
03/02/2007;False
04/02/2007;False
05/02/2007;False
06/02/2007;False
07/02/2007;True
08/02/2007;True
09/02/2007;True
10/02/2007;False
11/02/2007;False
12/02/2007;False
13/02/2007;False
14/02/2007;False
15/02/2007;False
16/02/2007;False
17/02/2007;False
18/02/2007;False
19/02/2007;False
20/02/2007;False
21/02/2007;False
22/02/2007;False
23/02/2007;False
24/02/2007;False
25/02/2007;False
26/02/2007;False
27/02/2007;False
28/02/2007;False
01/03/2007;False
02/03/2007;False
03/03/2007;False
04/03/2007;False
05/03/2007;False
06/03/2007;False
07/03/2007;False
08/03/2007;False
09/03/2007;False
10/03/2007;False
11/03/2007;False
12/03/2007;False
13/03/2007;False
14/03/2007;False
15/03/2007;False
16/03/2007;False
17/03/2007;False
18/03/2007;False
19/03/2007;False
20/03/2007;False
21/03/2007;False
22/03/2007;False
23/03/2007;False
24/03/2007;False
25/03/2007;False
26/03/2007;False
27/03/2007;False
28/03/2007;False
29/03/2007;False
30/03/2007;False
31/03/2007;False
01/04/2007;False
02/04/2007;False
03/04/2007;False
04/04/2007;False
05/04/2007;False
06/04/2007;False
07/04/2007;False
08/04/2007;False
09/04/2007;False
10/04/2007;True
11/04/2007;True
12/04/2007;True
13/04/2007;False
14/04/2007;False
15/04/2007;False
16/04/2007;False
17/04/2007;False
18/04/2007;False
19/04/2007;False
20/04/2007;False
21/04/2007;False
22/04/2007;False
23/04/2007;False
24/04/2007;False
25/04/2007;False
26/04/2007;False
27/04/2007;False
28/04/2007;False
29/04/2007;False
30/04/2007;False
01/05/2007;False
02/05/2007;False
03/05/2007;False
04/05/2007;False
05/05/2007;False
06/05/2007;True
07/05/2007;True
08/05/2007;True
09/05/2007;False
10/05/2007;False
11/05/2007;False
12/05/2007;False
13/05/2007;False
14/05/2007;False
15/05/2007;False
16/05/2007;False
17/05/2007;False
18/05/2007;False
19/05/2007;False
20/05/2007;False
21/05/2007;False
22/05/2007;False
23/05/2007;False
24/05/2007;False
25/05/2007;False
26/05/2007;False
27/05/2007;False
28/05/2007;False
29/05/2007;False
30/05/2007;False
31/05/2007;False
01/06/2007;False
02/06/2007;False
03/06/2007;False
04/06/2007;False
05/06/2007;False
06/06/2007;False
07/06/2007;False
08/06/2007;False
09/06/2007;False
10/06/2007;False
11/06/2007;False
12/06/2007;False
13/06/2007;False
14/06/2007;False
15/06/2007;False
16/06/2007;False
17/06/2007;False
18/06/2007;True
19/06/2007;True
20/06/2007;False
21/06/2007;False
22/06/2007;False
23/06/2007;False
24/06/2007;False
25/06/2007;False
26/06/2007;True
27/06/2007;True
28/06/2007;True
29/06/2007;False
30/06/2007;False
01/07/2007;False
02/07/2007;False
03/07/2007;False
04/07/2007;False
05/07/2007;False
06/07/2007;False
07/07/2007;False
08/07/2007;False
09/07/2007;False
10/07/2007;False
11/07/2007;False
12/07/2007;False
13/07/2007;False
14/07/2007;False
15/07/2007;False
16/07/2007;False
17/07/2007;False
18/07/2007;False
19/07/2007;False
20/07/2007;False
21/07/2007;False
22/07/2007;False
23/07/2007;False
24/07/2007;False
25/07/2007;False
26/07/2007;False
27/07/2007;False
28/07/2007;False
29/07/2007;False
30/07/2007;True
31/07/2007;True
01/08/2007;True
02/08/2007;False
03/08/2007;False
04/08/2007;False
05/08/2007;False
06/08/2007;False
07/08/2007;False
08/08/2007;False
09/08/2007;False
10/08/2007;False
11/08/2007;False
12/08/2007;False
13/08/2007;False
14/08/2007;False
15/08/2007;False
16/08/2007;False
17/08/2007;False
18/08/2007;False
19/08/2007;False
20/08/2007;False
21/08/2007;False
22/08/2007;False
23/08/2007;False
24/08/2007;False
25/08/2007;False
26/08/2007;False
27/08/2007;False
28/08/2007;False
29/08/2007;False
30/08/2007;False
31/08/2007;False
01/09/2007;False
02/09/2007;False
03/09/2007;False
04/09/2007;False
05/09/2007;False
06/09/2007;False
07/09/2007;False
08/09/2007;False
09/09/2007;False
10/09/2007;False
11/09/2007;False
12/09/2007;False
13/09/2007;False
14/09/2007;False
15/09/2007;False
16/09/2007;False
17/09/2007;False
18/09/2007;False
19/09/2007;False
20/09/2007;False
21/09/2007;False
22/09/2007;False
23/09/2007;False
24/09/2007;False
25/09/2007;False
26/09/2007;False
27/09/2007;False
28/09/2007;False
29/09/2007;False
30/09/2007;False
01/10/2007;False
02/10/2007;False
03/10/2007;False
04/10/2007;False
05/10/2007;False
06/10/2007;False
07/10/2007;False
08/10/2007;False
09/10/2007;False
10/10/2007;False
11/10/2007;False
12/10/2007;False
13/10/2007;False
14/10/2007;False
15/10/2007;False
16/10/2007;False
17/10/2007;True
17/10/2007;True
17/10/2007;True
18/10/2007;True
18/10/2007;True
18/10/2007;True
19/10/2007;True
19/10/2007;True
19/10/2007;True
20/10/2007;False
21/10/2007;False
22/10/2007;False
23/10/2007;False
24/10/2007;False
25/10/2007;False
26/10/2007;False
27/10/2007;False
28/10/2007;False
29/10/2007;False
30/10/2007;False
31/10/2007;False
01/11/2007;False
02/11/2007;False
03/11/2007;False
04/11/2007;False
05/11/2007;False
06/11/2007;False
07/11/2007;False
08/11/2007;False
09/11/2007;False
10/11/2007;False
11/11/2007;False
12/11/2007;False
13/11/2007;True
14/11/2007;True
15/11/2007;True
15/11/2007;True
16/11/2007;True
16/11/2007;True
17/11/2007;True
17/11/2007;True
18/11/2007;True
18/11/2007;True
19/11/2007;True
19/11/2007;True
20/11/2007;False
21/11/2007;False
22/11/2007;False
23/11/2007;False
24/11/2007;False
25/11/2007;False
26/11/2007;False
27/11/2007;False
28/11/2007;False
29/11/2007;False
30/11/2007;False
01/12/2007;False
02/12/2007;False
03/12/2007;False
04/12/2007;False
05/12/2007;True
06/12/2007;True
06/12/2007;True
07/12/2007;True
08/12/2007;True
09/12/2007;False
10/12/2007;False
11/12/2007;False
12/12/2007;False
13/12/2007;False
14/12/2007;False
15/12/2007;False
16/12/2007;False
17/12/2007;False
18/12/2007;False
19/12/2007;False
20/12/2007;False
21/12/2007;False
22/12/2007;False
23/12/2007;False
24/12/2007;False
25/12/2007;False
26/12/2007;False
27/12/2007;False
28/12/2007;False
29/12/2007;False
30/12/2007;False
31/12/2007;False
01/01/2008;False
02/01/2008;False
03/01/2008;False
04/01/2008;False
05/01/2008;False
06/01/2008;False
07/01/2008;False
08/01/2008;False
09/01/2008;False
10/01/2008;False
11/01/2008;False
12/01/2008;False
13/01/2008;False
14/01/2008;False
15/01/2008;False
16/01/2008;False
17/01/2008;False
18/01/2008;False
19/01/2008;False
20/01/2008;False
21/01/2008;False
22/01/2008;False
23/01/2008;False
24/01/2008;False
25/01/2008;False
26/01/2008;False
27/01/2008;False
28/01/2008;False
29/01/2008;False
30/01/2008;False
31/01/2008;False
01/02/2008;False
02/02/2008;False
03/02/2008;False
04/02/2008;False
05/02/2008;False
06/02/2008;True
07/02/2008;True
08/02/2008;False
09/02/2008;False
10/02/2008;False
11/02/2008;False
12/02/2008;False
13/02/2008;False
14/02/2008;False
15/02/2008;False
16/02/2008;False
17/02/2008;False
18/02/2008;False
19/02/2008;False
20/02/2008;False
21/02/2008;False
22/02/2008;False
23/02/2008;False
24/02/2008;False
25/02/2008;False
26/02/2008;False
27/02/2008;False
28/02/2008;False
29/02/2008;False
01/03/2008;False
02/03/2008;False
03/03/2008;False
04/03/2008;False
05/03/2008;False
06/03/2008;False
07/03/2008;False
08/03/2008;False
09/03/2008;False
10/03/2008;False
11/03/2008;True
12/03/2008;True
13/03/2008;True
14/03/2008;False
15/03/2008;False
16/03/2008;False
17/03/2008;False
18/03/2008;False
19/03/2008;False
20/03/2008;False
21/03/2008;False
22/03/2008;False
23/03/2008;False
24/03/2008;False
25/03/2008;False
26/03/2008;False
27/03/2008;False
28/03/2008;False
29/03/2008;False
30/03/2008;False
31/03/2008;False
01/04/2008;False
02/04/2008;False
03/04/2008;False
04/04/2008;False
05/04/2008;False
06/04/2008;False
07/04/2008;False
08/04/2008;False
09/04/2008;False
10/04/2008;False
11/04/2008;False
12/04/2008;False
13/04/2008;False
14/04/2008;False
15/04/2008;False
16/04/2008;False
17/04/2008;False
18/04/2008;False
19/04/2008;False
20/04/2008;False
21/04/2008;False
22/04/2008;False
23/04/2008;False
24/04/2008;False
25/04/2008;False
26/04/2008;False
27/04/2008;False
28/04/2008;False
29/04/2008;True
30/04/2008;True
01/05/2008;False
02/05/2008;False
03/05/2008;False
04/05/2008;False
05/05/2008;False
06/05/2008;False
07/05/2008;False
08/05/2008;False
09/05/2008;False
10/05/2008;False
11/05/2008;False
12/05/2008;False
13/05/2008;False
14/05/2008;False
15/05/2008;False
16/05/2008;False
17/05/2008;False
18/05/2008;False
19/05/2008;False
20/05/2008;False
21/05/2008;True
21/05/2008;True
21/05/2008;True
22/05/2008;True
22/05/2008;True
22/05/2008;True
23/05/2008;True
23/05/2008;True
23/05/2008;True
24/05/2008;True
25/05/2008;False
26/05/2008;False
27/05/2008;False
28/05/2008;False
29/05/2008;False
30/05/2008;False
31/05/2008;False
01/06/2008;False
02/06/2008;False
03/06/2008;False
04/06/2008;False
05/06/2008;False
06/06/2008;False
07/06/2008;False
08/06/2008;False
09/06/2008;True
10/06/2008;True
11/06/2008;True
11/06/2008;True
12/06/2008;True
12/06/2008;True
13/06/2008;True
14/06/2008;True
15/06/2008;True
16/06/2008;True
16/06/2008;True
17/06/2008;True
17/06/2008;True
17/06/2008;True
18/06/2008;True
18/06/2008;True
18/06/2008;True
18/06/2008;True
18/06/2008;True
19/06/2008;True
19/06/2008;True
19/06/2008;True
20/06/2008;True
20/06/2008;True
20/06/2008;True
21/06/2008;False
22/06/2008;False
23/06/2008;False
24/06/2008;False
25/06/2008;False
26/06/2008;False
27/06/2008;False
28/06/2008;False
29/06/2008;False
30/06/2008;False
01/07/2008;False
02/07/2008;False
03/07/2008;False
04/07/2008;False
05/07/2008;False
06/07/2008;False
07/07/2008;False
08/07/2008;False
09/07/2008;False
10/07/2008;False
11/07/2008;False
12/07/2008;False
13/07/2008;False
14/07/2008;False
15/07/2008;False
16/07/2008;False
17/07/2008;False
18/07/2008;False
19/07/2008;False
20/07/2008;False
21/07/2008;False
22/07/2008;False
23/07/2008;False
24/07/2008;False
25/07/2008;False
26/07/2008;False
27/07/2008;False
28/07/2008;False
29/07/2008;False
30/07/2008;False
31/07/2008;False
01/08/2008;False
02/08/2008;False
03/08/2008;False
04/08/2008;False
05/08/2008;False
06/08/2008;False
07/08/2008;False
08/08/2008;False
09/08/2008;False
10/08/2008;False
11/08/2008;False
12/08/2008;False
13/08/2008;False
14/08/2008;False
15/08/2008;False
16/08/2008;False
17/08/2008;False
18/08/2008;False
19/08/2008;False
20/08/2008;False
21/08/2008;False
22/08/2008;False
23/08/2008;False
24/08/2008;False
25/08/2008;False
26/08/2008;False
27/08/2008;False
28/08/2008;False
29/08/2008;False
30/08/2008;False
31/08/2008;False
01/09/2008;False
02/09/2008;False
03/09/2008;False
04/09/2008;False
05/09/2008;False
06/09/2008;False
07/09/2008;False
08/09/2008;False
09/09/2008;False
10/09/2008;False
11/09/2008;False
12/09/2008;False
13/09/2008;False
14/09/2008;False
15/09/2008;False
16/09/2008;False
17/09/2008;False
18/09/2008;False
19/09/2008;False
20/09/2008;False
21/09/2008;False
22/09/2008;False
23/09/2008;False
24/09/2008;False
25/09/2008;False
26/09/2008;False
27/09/2008;False
28/09/2008;False
29/09/2008;False
30/09/2008;False
01/10/2008;False
02/10/2008;False
03/10/2008;False
04/10/2008;False
05/10/2008;False
06/10/2008;True
06/10/2008;True
06/10/2008;True
07/10/2008;True
07/10/2008;True
07/10/2008;True
08/10/2008;True
08/10/2008;True
08/10/2008;True
09/10/2008;False
10/10/2008;False
11/10/2008;False
12/10/2008;False
13/10/2008;False
14/10/2008;False
15/10/2008;False
16/10/2008;False
17/10/2008;False
18/10/2008;False
19/10/2008;False
20/10/2008;False
21/10/2008;False
22/10/2008;False
23/10/2008;False
24/10/2008;False
25/10/2008;False
26/10/2008;False
27/10/2008;False
28/10/2008;False
29/10/2008;False
30/10/2008;False
31/10/2008;False
01/11/2008;False
02/11/2008;False
03/11/2008;False
04/11/2008;False
05/11/2008;True
06/11/2008;True
07/11/2008;True
08/11/2008;False
09/11/2008;False
10/11/2008;False
11/11/2008;False
12/11/2008;True
13/11/2008;True
14/11/2008;True
15/11/2008;False
16/11/2008;False
17/11/2008;False
18/11/2008;False
19/11/2008;False
20/11/2008;False
21/11/2008;True
22/11/2008;False
23/11/2008;False
24/11/2008;False
25/11/2008;False
26/11/2008;False
27/11/2008;False
28/11/2008;True
29/11/2008;False
30/11/2008;False
01/12/2008;False
02/12/2008;False
03/12/2008;False
04/12/2008;False
05/12/2008;True
06/12/2008;False
07/12/2008;False
08/12/2008;False
09/12/2008;False
10/12/2008;False
11/12/2008;False
12/12/2008;True
13/12/2008;False
14/12/2008;False
15/12/2008;False
16/12/2008;False
17/12/2008;False
18/12/2008;False
19/12/2008;True
19/12/2008;True
20/12/2008;True
21/12/2008;True
22/12/2008;True
23/12/2008;True
24/12/2008;True
25/12/2008;True
26/12/2008;True
26/12/2008;True
27/12/2008;True
28/12/2008;True
29/12/2008;True
30/12/2008;True
31/12/2008;True
01/01/2009;True
02/01/2009;True
03/01/2009;True
04/01/2009;True
05/01/2009;True
06/01/2009;True
07/01/2009;True
08/01/2009;True
09/01/2009;True
09/01/2009;True
10/01/2009;True
11/01/2009;True
12/01/2009;True
13/01/2009;True
14/01/2009;True
15/01/2009;True
15/01/2009;True
16/01/2009;True
16/01/2009;True
16/01/2009;True
17/01/2009;True
18/01/2009;True
19/01/2009;True
20/01/2009;True
21/01/2009;True
22/01/2009;True
23/01/2009;True
23/01/2009;True
24/01/2009;True
25/01/2009;True
26/01/2009;True
27/01/2009;True
28/01/2009;True
28/01/2009;True
29/01/2009;True
29/01/2009;True
30/01/2009;True
30/01/2009;True
30/01/2009;True
31/01/2009;True
01/02/2009;True
02/02/2009;True
03/02/2009;True
04/02/2009;True
05/02/2009;True
06/02/2009;True
06/02/2009;True
07/02/2009;True
08/02/2009;True
09/02/2009;True
10/02/2009;True
11/02/2009;True
12/02/2009;True
13/02/2009;True
13/02/2009;True
14/02/2009;True
15/02/2009;True
16/02/2009;True
17/02/2009;True
18/02/2009;True
19/02/2009;True
20/02/2009;True
20/02/2009;True
21/02/2009;True
22/02/2009;True
23/02/2009;True
24/02/2009;True
25/02/2009;True
26/02/2009;True
27/02/2009;True
27/02/2009;True
28/02/2009;True
01/03/2009;True
02/03/2009;True
03/03/2009;True
04/03/2009;True
05/03/2009;True
06/03/2009;True
07/03/2009;True
08/03/2009;True
09/03/2009;True
10/03/2009;True
11/03/2009;True
12/03/2009;True
13/03/2009;True
13/03/2009;True
14/03/2009;True
15/03/2009;True
16/03/2009;True
17/03/2009;True
18/03/2009;True
18/03/2009;True
19/03/2009;True
19/03/2009;True
20/03/2009;True
20/03/2009;True
20/03/2009;True
21/03/2009;True
22/03/2009;True
23/03/2009;True
24/03/2009;True
25/03/2009;True
26/03/2009;True
27/03/2009;True
27/03/2009;True
28/03/2009;True
29/03/2009;True
30/03/2009;True
31/03/2009;True
01/04/2009;True
02/04/2009;True
03/04/2009;True
04/04/2009;True
05/04/2009;True
06/04/2009;True
07/04/2009;True
08/04/2009;True
09/04/2009;True
10/04/2009;True
10/04/2009;True
11/04/2009;True
12/04/2009;True
13/04/2009;True
14/04/2009;True
15/04/2009;True
16/04/2009;True
17/04/2009;True
17/04/2009;True
18/04/2009;True
19/04/2009;True
20/04/2009;True
21/04/2009;True
22/04/2009;True
23/04/2009;True
24/04/2009;True
24/04/2009;True
24/04/2009;True
25/04/2009;True
25/04/2009;True
26/04/2009;True
27/04/2009;True
28/04/2009;True
29/04/2009;True
30/04/2009;True
30/04/2009;True
01/05/2009;True
01/05/2009;True
01/05/2009;True
02/05/2009;True
03/05/2009;False
04/05/2009;False
05/05/2009;False
06/05/2009;False
07/05/2009;False
08/05/2009;False
09/05/2009;False
10/05/2009;False
11/05/2009;False
12/05/2009;False
13/05/2009;False
14/05/2009;False
15/05/2009;False
16/05/2009;False
17/05/2009;False
18/05/2009;False
19/05/2009;False
20/05/2009;False
21/05/2009;False
22/05/2009;False
23/05/2009;False
24/05/2009;False
25/05/2009;True
26/05/2009;True
27/05/2009;True
28/05/2009;False
29/05/2009;True
30/05/2009;False
31/05/2009;False
01/06/2009;False
02/06/2009;False
03/06/2009;False
04/06/2009;False
05/06/2009;False
06/06/2009;False
07/06/2009;False
08/06/2009;False
09/06/2009;False
10/06/2009;False
11/06/2009;False
12/06/2009;False
13/06/2009;False
14/06/2009;False
15/06/2009;False
16/06/2009;False
17/06/2009;True
18/06/2009;True
19/06/2009;True
20/06/2009;False
21/06/2009;False
22/06/2009;False
23/06/2009;False
24/06/2009;False
25/06/2009;False
26/06/2009;False
27/06/2009;False
28/06/2009;False
29/06/2009;False
30/06/2009;False
01/07/2009;False
02/07/2009;False
03/07/2009;False
04/07/2009;False
05/07/2009;False
06/07/2009;True
06/07/2009;True
07/07/2009;True
07/07/2009;True
08/07/2009;True
08/07/2009;True
09/07/2009;False
10/07/2009;False
11/07/2009;False
12/07/2009;False
13/07/2009;False
14/07/2009;False
15/07/2009;False
16/07/2009;False
17/07/2009;False
18/07/2009;False
19/07/2009;False
20/07/2009;False
21/07/2009;False
22/07/2009;False
23/07/2009;False
24/07/2009;False
25/07/2009;False
26/07/2009;False
27/07/2009;False
28/07/2009;False
29/07/2009;False
30/07/2009;False
31/07/2009;False
01/08/2009;False
02/08/2009;False
03/08/2009;False
04/08/2009;False
05/08/2009;False
06/08/2009;False
07/08/2009;False
08/08/2009;False
09/08/2009;False
10/08/2009;False
11/08/2009;False
12/08/2009;False
13/08/2009;False
14/08/2009;False
15/08/2009;False
16/08/2009;False
17/08/2009;False
18/08/2009;False
19/08/2009;False
20/08/2009;False
21/08/2009;False
22/08/2009;False
23/08/2009;False
24/08/2009;False
25/08/2009;False
26/08/2009;False
27/08/2009;False
28/08/2009;False
29/08/2009;False
30/08/2009;False
31/08/2009;False
01/09/2009;False
02/09/2009;False
03/09/2009;False
04/09/2009;False
05/09/2009;False
06/09/2009;False
07/09/2009;False
08/09/2009;False
09/09/2009;False
10/09/2009;False
11/09/2009;False
12/09/2009;False
13/09/2009;False
14/09/2009;False
15/09/2009;True
16/09/2009;True
17/09/2009;True
18/09/2009;False
19/09/2009;False
20/09/2009;False
21/09/2009;True
22/09/2009;True
23/09/2009;True
24/09/2009;False
25/09/2009;False
26/09/2009;False
27/09/2009;False
28/09/2009;False
29/09/2009;False
30/09/2009;False
01/10/2009;False
02/10/2009;False
03/10/2009;False
04/10/2009;False
05/10/2009;False
06/10/2009;False
07/10/2009;False
08/10/2009;False
09/10/2009;False
10/10/2009;False
11/10/2009;False
12/10/2009;False
13/10/2009;False
14/10/2009;False
15/10/2009;False
16/10/2009;False
17/10/2009;False
18/10/2009;False
19/10/2009;True
20/10/2009;True
21/10/2009;False
22/10/2009;False
23/10/2009;False
24/10/2009;False
25/10/2009;False
26/10/2009;False
27/10/2009;False
28/10/2009;False
29/10/2009;False
30/10/2009;False
31/10/2009;False
01/11/2009;False
02/11/2009;False
03/11/2009;False
04/11/2009;False
05/11/2009;False
06/11/2009;False
07/11/2009;False
08/11/2009;False
09/11/2009;False
10/11/2009;False
11/11/2009;False
12/11/2009;False
13/11/2009;False
14/11/2009;False
15/11/2009;False
16/11/2009;False
17/11/2009;True
18/11/2009;True
19/11/2009;False
20/11/2009;False
21/11/2009;False
22/11/2009;False
23/11/2009;False
24/11/2009;False
25/11/2009;False
26/11/2009;False
27/11/2009;False
28/11/2009;False
29/11/2009;False
30/11/2009;True
30/11/2009;True
01/12/2009;True
01/12/2009;True
02/12/2009;True
02/12/2009;True
03/12/2009;True
04/12/2009;True
05/12/2009;True
06/12/2009;True
07/12/2009;True
08/12/2009;True
09/12/2009;True
10/12/2009;True
11/12/2009;True
11/12/2009;True
12/12/2009;True
12/12/2009;True
12/12/2009;True
13/12/2009;True
13/12/2009;True
13/12/2009;True
14/12/2009;True
14/12/2009;True
14/12/2009;True
15/12/2009;True
15/12/2009;True
16/12/2009;True
16/12/2009;True
17/12/2009;True
17/12/2009;True
18/12/2009;True
18/12/2009;True
19/12/2009;True
19/12/2009;True
20/12/2009;True
20/12/2009;True
21/12/2009;True
21/12/2009;True
22/12/2009;True
22/12/2009;True
23/12/2009;True
23/12/2009;True
24/12/2009;True
24/12/2009;True
25/12/2009;True
25/12/2009;True
26/12/2009;True
26/12/2009;True
27/12/2009;True
27/12/2009;True
28/12/2009;True
28/12/2009;True
29/12/2009;True
29/12/2009;True
30/12/2009;True
30/12/2009;True
31/12/2009;True
31/12/2009;True
01/01/2010;True
01/01/2010;True
02/01/2010;True
02/01/2010;True
03/01/2010;True
04/01/2010;True
05/01/2010;True
06/01/2010;False
07/01/2010;False
08/01/2010;False
09/01/2010;False
10/01/2010;False
11/01/2010;False
12/01/2010;False
13/01/2010;False
14/01/2010;False
15/01/2010;False
16/01/2010;False
17/01/2010;False
18/01/2010;False
19/01/2010;False
20/01/2010;False
21/01/2010;False
22/01/2010;False
23/01/2010;False
24/01/2010;False
25/01/2010;False
26/01/2010;False
27/01/2010;False
28/01/2010;False
29/01/2010;False
30/01/2010;False
31/01/2010;False
01/02/2010;False
02/02/2010;True
03/02/2010;True
04/02/2010;True
05/02/2010;False
06/02/2010;False
07/02/2010;False
08/02/2010;False
09/02/2010;False
10/02/2010;False
11/02/2010;False
12/02/2010;False
13/02/2010;False
14/02/2010;False
15/02/2010;False
16/02/2010;False
17/02/2010;False
18/02/2010;False
19/02/2010;False
20/02/2010;False
21/02/2010;False
22/02/2010;False
23/02/2010;False
24/02/2010;False
25/02/2010;False
26/02/2010;False
27/02/2010;False
28/02/2010;False
01/03/2010;False
02/03/2010;False
03/03/2010;False
04/03/2010;False
05/03/2010;False
06/03/2010;False
07/03/2010;False
08/03/2010;False
09/03/2010;False
10/03/2010;False
11/03/2010;True
12/03/2010;False
13/03/2010;False
14/03/2010;False
15/03/2010;False
16/03/2010;False
17/03/2010;False
18/03/2010;False
19/03/2010;False
20/03/2010;False
21/03/2010;False
22/03/2010;True
22/03/2010;True
23/03/2010;True
23/03/2010;True
24/03/2010;True
24/03/2010;True
25/03/2010;False
26/03/2010;False
27/03/2010;False
28/03/2010;False
29/03/2010;False
30/03/2010;False
31/03/2010;False
01/04/2010;True
02/04/2010;True
03/04/2010;False
04/04/2010;False
05/04/2010;False
06/04/2010;False
07/04/2010;True
07/04/2010;True
07/04/2010;True
08/04/2010;True
08/04/2010;True
08/04/2010;True
09/04/2010;True
09/04/2010;True
09/04/2010;True
10/04/2010;False
11/04/2010;False
12/04/2010;False
13/04/2010;False
14/04/2010;False
15/04/2010;False
16/04/2010;False
17/04/2010;False
18/04/2010;False
19/04/2010;False
20/04/2010;False
21/04/2010;False
22/04/2010;False
23/04/2010;False
24/04/2010;False
25/04/2010;False
26/04/2010;False
27/04/2010;False
28/04/2010;False
29/04/2010;False
30/04/2010;False
01/05/2010;False
02/05/2010;False
03/05/2010;False
04/05/2010;False
05/05/2010;False
06/05/2010;False
07/05/2010;False
08/05/2010;False
09/05/2010;False
10/05/2010;False
11/05/2010;False
12/05/2010;False
13/05/2010;False
14/05/2010;False
15/05/2010;False
16/05/2010;False
17/05/2010;False
18/05/2010;False
19/05/2010;False
20/05/2010;False
21/05/2010;False
22/05/2010;False
23/05/2010;False
24/05/2010;False
25/05/2010;False
26/05/2010;True
26/05/2010;True
27/05/2010;True
27/05/2010;True
28/05/2010;True
29/05/2010;False
30/05/2010;False
31/05/2010;False
01/06/2010;False
02/06/2010;False
03/06/2010;False
04/06/2010;False
05/06/2010;False
06/06/2010;False
07/06/2010;False
08/06/2010;False
09/06/2010;False
10/06/2010;False
11/06/2010;False
12/06/2010;False
13/06/2010;False
14/06/2010;False
15/06/2010;False
16/06/2010;False
17/06/2010;False
18/06/2010;False
19/06/2010;False
20/06/2010;False
21/06/2010;False
22/06/2010;False
23/06/2010;True
23/06/2010;True
24/06/2010;True
24/06/2010;True
25/06/2010;True
25/06/2010;True
26/06/2010;False
27/06/2010;False
28/06/2010;False
29/06/2010;False
30/06/2010;False
01/07/2010;False
02/07/2010;False
03/07/2010;False
04/07/2010;False
05/07/2010;False
06/07/2010;False
07/07/2010;False
08/07/2010;False
09/07/2010;False
10/07/2010;False
11/07/2010;False
12/07/2010;False
13/07/2010;False
14/07/2010;False
15/07/2010;False
16/07/2010;False
17/07/2010;False
18/07/2010;False
19/07/2010;False
20/07/2010;False
21/07/2010;False
22/07/2010;False
23/07/2010;False
24/07/2010;False
25/07/2010;False
26/07/2010;False
27/07/2010;False
28/07/2010;False
29/07/2010;False
30/07/2010;False
31/07/2010;False
01/08/2010;False
02/08/2010;False
03/08/2010;False
04/08/2010;False
05/08/2010;False
06/08/2010;False
07/08/2010;False
08/08/2010;False
09/08/2010;False
10/08/2010;False
11/08/2010;False
12/08/2010;False
13/08/2010;False
14/08/2010;False
15/08/2010;False
16/08/2010;False
17/08/2010;False
18/08/2010;False
19/08/2010;False
20/08/2010;False
21/08/2010;False
22/08/2010;False
23/08/2010;False
24/08/2010;False
25/08/2010;False
26/08/2010;False
27/08/2010;False
28/08/2010;False
29/08/2010;False
30/08/2010;False
31/08/2010;False
01/09/2010;False
02/09/2010;False
03/09/2010;False
04/09/2010;False
05/09/2010;False
06/09/2010;True
07/09/2010;True
08/09/2010;True
09/09/2010;False
10/09/2010;False
11/09/2010;False
12/09/2010;False
13/09/2010;False
14/09/2010;False
15/09/2010;False
16/09/2010;False
17/09/2010;False
18/09/2010;False
19/09/2010;False
20/09/2010;False
21/09/2010;False
22/09/2010;True
23/09/2010;True
24/09/2010;True
25/09/2010;False
26/09/2010;False
27/09/2010;False
28/09/2010;False
29/09/2010;False
30/09/2010;False
01/10/2010;False
02/10/2010;False
03/10/2010;False
04/10/2010;False
05/10/2010;False
06/10/2010;False
07/10/2010;False
08/10/2010;False
09/10/2010;False
10/10/2010;False
11/10/2010;False
12/10/2010;False
13/10/2010;False
14/10/2010;False
15/10/2010;False
16/10/2010;False
17/10/2010;False
18/10/2010;False
19/10/2010;False
20/10/2010;False
21/10/2010;False
22/10/2010;False
23/10/2010;False
24/10/2010;False
25/10/2010;False
26/10/2010;False
27/10/2010;False
28/10/2010;False
29/10/2010;False
30/10/2010;False
31/10/2010;False
01/11/2010;False
02/11/2010;False
03/11/2010;False
04/11/2010;False
05/11/2010;False
06/11/2010;False
07/11/2010;False
08/11/2010;False
09/11/2010;False
10/11/2010;False
11/11/2010;False
12/11/2010;False
13/11/2010;False
14/11/2010;False
15/11/2010;False
16/11/2010;False
17/11/2010;False
18/11/2010;False
19/11/2010;False
20/11/2010;False
21/11/2010;False
22/11/2010;False
23/11/2010;True
24/11/2010;True
25/11/2010;False
26/11/2010;False
27/11/2010;False
28/11/2010;False
29/11/2010;False
30/11/2010;False
01/12/2010;False
02/12/2010;False
03/12/2010;False
04/12/2010;False
05/12/2010;False
06/12/2010;False
07/12/2010;False
08/12/2010;False
09/12/2010;False
10/12/2010;False
11/12/2010;False
12/12/2010;False
13/12/2010;False
14/12/2010;False
15/12/2010;False
16/12/2010;False
17/12/2010;False
18/12/2010;False
19/12/2010;False
20/12/2010;False
21/12/2010;False
22/12/2010;False
23/12/2010;False
24/12/2010;True
25/12/2010;True
26/12/2010;True
27/12/2010;True
28/12/2010;True
29/12/2010;True
30/12/2010;True
31/12/2010;True
01/01/2011;True
02/01/2011;True
03/01/2011;True
04/01/2011;False
05/01/2011;False
06/01/2011;False
07/01/2011;False
08/01/2011;False
09/01/2011;False
10/01/2011;False
11/01/2011;False
12/01/2011;False
13/01/2011;False
14/01/2011;False
15/01/2011;False
16/01/2011;False
17/01/2011;False
18/01/2011;False
19/01/2011;False
20/01/2011;False
21/01/2011;False
22/01/2011;False
23/01/2011;False
24/01/2011;False
25/01/2011;False
26/01/2011;False
27/01/2011;False
28/01/2011;False
29/01/2011;False
30/01/2011;False
31/01/2011;False
01/02/2011;False
02/02/2011;False
03/02/2011;True
04/02/2011;True
05/02/2011;False
06/02/2011;False
07/02/2011;False
08/02/2011;False
09/02/2011;True
10/02/2011;True
11/02/2011;True
12/02/2011;False
13/02/2011;False
14/02/2011;False
15/02/2011;False
16/02/2011;False
17/02/2011;False
18/02/2011;False
19/02/2011;False
20/02/2011;False
21/02/2011;False
22/02/2011;False
23/02/2011;False
24/02/2011;False
25/02/2011;False
26/02/2011;False
27/02/2011;False
28/02/2011;False
01/03/2011;False
02/03/2011;False
03/03/2011;False
04/03/2011;False
05/03/2011;False
06/03/2011;False
07/03/2011;False
08/03/2011;False
09/03/2011;False
10/03/2011;False
11/03/2011;False
12/03/2011;False
13/03/2011;False
14/03/2011;False
15/03/2011;False
16/03/2011;False
17/03/2011;False
18/03/2011;False
19/03/2011;False
20/03/2011;False
21/03/2011;False
22/03/2011;False
23/03/2011;False
24/03/2011;False
25/03/2011;False
26/03/2011;False
27/03/2011;False
28/03/2011;False
29/03/2011;False
30/03/2011;False
31/03/2011;False
01/04/2011;False
02/04/2011;False
03/04/2011;False
04/04/2011;False
05/04/2011;False
06/04/2011;False
07/04/2011;False
08/04/2011;False
09/04/2011;False
10/04/2011;False
11/04/2011;False
12/04/2011;True
13/04/2011;True
14/04/2011;False
15/04/2011;False
16/04/2011;False
17/04/2011;False
18/04/2011;False
19/04/2011;False
20/04/2011;False
21/04/2011;False
22/04/2011;False
23/04/2011;False
24/04/2011;False
25/04/2011;False
26/04/2011;False
27/04/2011;False
28/04/2011;False
29/04/2011;False
30/04/2011;False
01/05/2011;False
02/05/2011;False
03/05/2011;False
04/05/2011;False
05/05/2011;False
06/05/2011;False
07/05/2011;False
08/05/2011;False
09/05/2011;False
10/05/2011;False
11/05/2011;False
12/05/2011;False
13/05/2011;False
14/05/2011;False
15/05/2011;False
16/05/2011;False
17/05/2011;False
18/05/2011;False
19/05/2011;False
20/05/2011;False
21/05/2011;False
22/05/2011;False
23/05/2011;False
24/05/2011;False
25/05/2011;False
26/05/2011;False
27/05/2011;False
28/05/2011;False
29/05/2011;False
30/05/2011;False
31/05/2011;False
01/06/2011;False
02/06/2011;False
03/06/2011;False
04/06/2011;False
05/06/2011;False
06/06/2011;False
07/06/2011;False
08/06/2011;False
09/06/2011;False
10/06/2011;False
11/06/2011;False
12/06/2011;False
13/06/2011;False
14/06/2011;False
15/06/2011;False
16/06/2011;False
17/06/2011;False
18/06/2011;False
19/06/2011;False
20/06/2011;False
21/06/2011;False
22/06/2011;False
23/06/2011;False
24/06/2011;False
25/06/2011;False
26/06/2011;False
27/06/2011;False
28/06/2011;False
29/06/2011;False
30/06/2011;True
01/07/2011;True
02/07/2011;False
03/07/2011;False
04/07/2011;False
05/07/2011;False
06/07/2011;False
07/07/2011;False
08/07/2011;False
09/07/2011;False
10/07/2011;False
11/07/2011;False
12/07/2011;False
13/07/2011;False
14/07/2011;False
15/07/2011;False
16/07/2011;False
17/07/2011;False
18/07/2011;False
19/07/2011;False
20/07/2011;False
21/07/2011;False
22/07/2011;False
23/07/2011;False
24/07/2011;False
25/07/2011;False
26/07/2011;False
27/07/2011;False
28/07/2011;False
29/07/2011;False
30/07/2011;False
31/07/2011;False
01/08/2011;False
02/08/2011;False
03/08/2011;False
04/08/2011;False
05/08/2011;False
06/08/2011;False
07/08/2011;False
08/08/2011;False
09/08/2011;False
10/08/2011;False
11/08/2011;False
12/08/2011;False
13/08/2011;False
14/08/2011;False
15/08/2011;False
16/08/2011;False
17/08/2011;False
18/08/2011;False
19/08/2011;False
20/08/2011;False
21/08/2011;False
22/08/2011;False
23/08/2011;False
24/08/2011;False
25/08/2011;False
26/08/2011;False
27/08/2011;False
28/08/2011;False
29/08/2011;False
30/08/2011;False
31/08/2011;False
01/09/2011;False
02/09/2011;False
03/09/2011;False
04/09/2011;False
05/09/2011;False
06/09/2011;False
07/09/2011;False
08/09/2011;False
09/09/2011;False
10/09/2011;False
11/09/2011;False
12/09/2011;False
13/09/2011;False
14/09/2011;False
15/09/2011;False
16/09/2011;False
17/09/2011;False
18/09/2011;False
19/09/2011;False
20/09/2011;False
21/09/2011;False
22/09/2011;False
23/09/2011;False
24/09/2011;False
25/09/2011;False
26/09/2011;False
27/09/2011;False
28/09/2011;False
29/09/2011;False
30/09/2011;False
01/10/2011;False
02/10/2011;False
03/10/2011;False
04/10/2011;False
05/10/2011;False
06/10/2011;False
07/10/2011;False
08/10/2011;False
09/10/2011;False
10/10/2011;True
10/10/2011;True
11/10/2011;True
11/10/2011;True
12/10/2011;True
12/10/2011;True
13/10/2011;False
14/10/2011;False
15/10/2011;False
16/10/2011;False
17/10/2011;False
18/10/2011;False
19/10/2011;False
20/10/2011;False
21/10/2011;False
22/10/2011;False
23/10/2011;False
24/10/2011;False
25/10/2011;False
26/10/2011;False
27/10/2011;False
28/10/2011;False
29/10/2011;False
30/10/2011;False
31/10/2011;False
01/11/2011;False
02/11/2011;False
03/11/2011;False
04/11/2011;False
05/11/2011;False
06/11/2011;False
07/11/2011;True
08/11/2011;True
09/11/2011;True
10/11/2011;False
11/11/2011;False
12/11/2011;False
13/11/2011;False
14/11/2011;False
15/11/2011;False
16/11/2011;False
17/11/2011;False
18/11/2011;False
19/11/2011;False
20/11/2011;True
21/11/2011;True
22/11/2011;True
23/11/2011;True
24/11/2011;True
25/11/2011;True
26/11/2011;True
27/11/2011;True
28/11/2011;True
29/11/2011;True
30/11/2011;True
01/12/2011;True
02/12/2011;True
03/12/2011;True
04/12/2011;True
05/12/2011;True
06/12/2011;True
07/12/2011;False
08/12/2011;False
09/12/2011;False
10/12/2011;False
11/12/2011;True
12/12/2011;True
13/12/2011;True
14/12/2011;True
15/12/2011;True
16/12/2011;True
17/12/2011;True
18/12/2011;True
19/12/2011;True
20/12/2011;True
21/12/2011;True
22/12/2011;True
23/12/2011;True
24/12/2011;True
25/12/2011;True
26/12/2011;True
27/12/2011;True
28/12/2011;True
29/12/2011;True
30/12/2011;True
31/12/2011;True
01/01/2012;True
02/01/2012;True
03/01/2012;True
04/01/2012;False
05/01/2012;False
06/01/2012;False
07/01/2012;False
08/01/2012;False
09/01/2012;False
10/01/2012;False
11/01/2012;False
12/01/2012;False
13/01/2012;False
14/01/2012;False
15/01/2012;False
16/01/2012;False
17/01/2012;False
18/01/2012;False
19/01/2012;False
20/01/2012;False
21/01/2012;False
22/01/2012;False
23/01/2012;False
24/01/2012;False
25/01/2012;False
26/01/2012;False
27/01/2012;False
28/01/2012;False
29/01/2012;False
30/01/2012;False
31/01/2012;False
01/02/2012;False
02/02/2012;False
03/02/2012;False
04/02/2012;False
05/02/2012;False
06/02/2012;False
07/02/2012;False
08/02/2012;False
09/02/2012;False
10/02/2012;False
11/02/2012;False
12/02/2012;False
13/02/2012;False
14/02/2012;False
15/02/2012;False
16/02/2012;False
17/02/2012;False
18/02/2012;False
19/02/2012;False
20/02/2012;False
21/02/2012;False
22/02/2012;False
23/02/2012;False
24/02/2012;False
25/02/2012;False
26/02/2012;False
27/02/2012;False
28/02/2012;True
28/02/2012;True
28/02/2012;True
29/02/2012;True
29/02/2012;True
29/02/2012;True
01/03/2012;True
01/03/2012;True
01/03/2012;True
02/03/2012;False
03/03/2012;False
04/03/2012;False
05/03/2012;False
06/03/2012;False
07/03/2012;False
08/03/2012;False
09/03/2012;False
10/03/2012;False
11/03/2012;False
12/03/2012;False
13/03/2012;False
14/03/2012;False
15/03/2012;False
16/03/2012;False
17/03/2012;False
18/03/2012;False
19/03/2012;False
20/03/2012;False
21/03/2012;False
22/03/2012;False
23/03/2012;False
24/03/2012;False
25/03/2012;False
26/03/2012;False
27/03/2012;False
28/03/2012;False
29/03/2012;False
30/03/2012;True
31/03/2012;True
01/04/2012;True
01/04/2012;True
02/04/2012;True
02/04/2012;True
03/04/2012;True
03/04/2012;True
03/04/2012;True
04/04/2012;True
04/04/2012;True
05/04/2012;True
05/04/2012;True
06/04/2012;True
07/04/2012;True
08/04/2012;True
09/04/2012;True
10/04/2012;True
11/04/2012;True
12/04/2012;True
13/04/2012;True
14/04/2012;True
15/04/2012;True
16/04/2012;True
16/04/2012;True
16/04/2012;True
17/04/2012;True
17/04/2012;True
17/04/2012;True
17/04/2012;True
18/04/2012;True
18/04/2012;True
18/04/2012;True
18/04/2012;True
19/04/2012;True
20/04/2012;True
21/04/2012;True
22/04/2012;True
23/04/2012;True
24/04/2012;True
25/04/2012;True
26/04/2012;True
27/04/2012;True
28/04/2012;True
29/04/2012;True
30/04/2012;True
01/05/2012;True
02/05/2012;True
03/05/2012;True
04/05/2012;True
05/05/2012;True
06/05/2012;True
07/05/2012;True
08/05/2012;True
09/05/2012;True
10/05/2012;True
11/05/2012;True
12/05/2012;True
13/05/2012;True
14/05/2012;True
15/05/2012;True
16/05/2012;True
17/05/2012;True
18/05/2012;True
19/05/2012;True
20/05/2012;True
21/05/2012;True
22/05/2012;True
23/05/2012;True
24/05/2012;True
25/05/2012;True
26/05/2012;True
27/05/2012;True
28/05/2012;True
29/05/2012;True
30/05/2012;True
31/05/2012;True
01/06/2012;True
02/06/2012;True
03/06/2012;True
04/06/2012;True
05/06/2012;True
06/06/2012;True
07/06/2012;True
07/06/2012;True
08/06/2012;True
08/06/2012;True
09/06/2012;True
10/06/2012;True
11/06/2012;True
12/06/2012;True
13/06/2012;True
13/06/2012;True
14/06/2012;True
14/06/2012;True
15/06/2012;True
15/06/2012;True
16/06/2012;True
17/06/2012;True
18/06/2012;True
19/06/2012;True
20/06/2012;True
21/06/2012;True
22/06/2012;True
23/06/2012;True
24/06/2012;True
25/06/2012;True
26/06/2012;True
27/06/2012;True
28/06/2012;True
29/06/2012;True
30/06/2012;True
01/07/2012;True
02/07/2012;True
03/07/2012;True
03/07/2012;True
04/07/2012;True
04/07/2012;True
05/07/2012;True
06/07/2012;True
07/07/2012;True
08/07/2012;True
09/07/2012;True
10/07/2012;True
11/07/2012;True
12/07/2012;True
13/07/2012;True
14/07/2012;True
15/07/2012;True
16/07/2012;True
17/07/2012;True
18/07/2012;True
19/07/2012;True
20/07/2012;True
21/07/2012;True
22/07/2012;True
23/07/2012;True
24/07/2012;True
25/07/2012;True
26/07/2012;True
27/07/2012;True
28/07/2012;True
29/07/2012;True
30/07/2012;True
31/07/2012;True
01/08/2012;True
02/08/2012;True
03/08/2012;True
04/08/2012;True
05/08/2012;True
06/08/2012;True
07/08/2012;True
08/08/2012;True
09/08/2012;True
10/08/2012;True
11/08/2012;True
12/08/2012;True
13/08/2012;True
14/08/2012;True
15/08/2012;True
16/08/2012;True
17/08/2012;True
18/08/2012;True
19/08/2012;True
20/08/2012;True
21/08/2012;True
22/08/2012;True
23/08/2012;True
24/08/2012;True
25/08/2012;True
26/08/2012;True
27/08/2012;True
28/08/2012;True
29/08/2012;True
30/08/2012;True
31/08/2012;True
01/09/2012;True
02/09/2012;True
03/09/2012;True
04/09/2012;True
05/09/2012;True
06/09/2012;True
07/09/2012;True
08/09/2012;True
09/09/2012;True
10/09/2012;True
11/09/2012;True
12/09/2012;True
13/09/2012;True
14/09/2012;True
15/09/2012;True
16/09/2012;True
17/09/2012;True
18/09/2012;True
19/09/2012;True
20/09/2012;True
21/09/2012;True
22/09/2012;True
23/09/2012;True
24/09/2012;True
25/09/2012;True
26/09/2012;True
27/09/2012;True
28/09/2012;True
29/09/2012;True
30/09/2012;True
01/10/2012;True
02/10/2012;True
03/10/2012;True
04/10/2012;True
05/10/2012;True
06/10/2012;True
07/10/2012;True
08/10/2012;True
09/10/2012;True
10/10/2012;True
11/10/2012;True
12/10/2012;True
13/10/2012;True
14/10/2012;True
15/10/2012;True
16/10/2012;True
17/10/2012;True
18/10/2012;True
19/10/2012;True
20/10/2012;True
21/10/2012;True
22/10/2012;True
23/10/2012;True
24/10/2012;True
24/10/2012;True
24/10/2012;True
24/10/2012;True
25/10/2012;True
25/10/2012;True
25/10/2012;True
25/10/2012;True
26/10/2012;True
26/10/2012;True
26/10/2012;True
26/10/2012;True
27/10/2012;True
28/10/2012;True
29/10/2012;True
30/10/2012;True
31/10/2012;True
01/11/2012;True
02/11/2012;True
03/11/2012;True
04/11/2012;True
05/11/2012;True
06/11/2012;True
07/11/2012;True
08/11/2012;True
09/11/2012;True
10/11/2012;True
11/11/2012;True
12/11/2012;True
13/11/2012;True
14/11/2012;True
14/11/2012;True
14/11/2012;True
15/11/2012;True
15/11/2012;True
15/11/2012;True
16/11/2012;True
17/11/2012;True
18/11/2012;True
19/11/2012;True
20/11/2012;True
21/11/2012;True
22/11/2012;True
23/11/2012;True
24/11/2012;True
25/11/2012;True
26/11/2012;True
27/11/2012;True
28/11/2012;True
29/11/2012;True
30/11/2012;True
01/12/2012;True
02/12/2012;True
03/12/2012;True
04/12/2012;True
05/12/2012;True
06/12/2012;True
07/12/2012;True
08/12/2012;True
09/12/2012;True
10/12/2012;True
11/12/2012;True
12/12/2012;True
13/12/2012;True
14/12/2012;True
15/12/2012;True
16/12/2012;True
17/12/2012;True
18/12/2012;True
19/12/2012;True
20/12/2012;True
21/12/2012;True
22/12/2012;True
23/12/2012;True
24/12/2012;True
25/12/2012;True
26/12/2012;True
27/12/2012;True
28/12/2012;True
29/12/2012;True
30/12/2012;True
31/12/2012;True
01/01/2013;False
02/01/2013;False
03/01/2013;False
04/01/2013;False
05/01/2013;False
06/01/2013;False
07/01/2013;False
08/01/2013;False
09/01/2013;False
10/01/2013;False
11/01/2013;False
12/01/2013;False
13/01/2013;False
14/01/2013;True
15/01/2013;True
16/01/2013;True
17/01/2013;True
18/01/2013;True
19/01/2013;True
20/01/2013;True
21/01/2013;True
22/01/2013;True
23/01/2013;True
24/01/2013;True
25/01/2013;True
26/01/2013;True
27/01/2013;True
28/01/2013;True
29/01/2013;True
30/01/2013;True
30/01/2013;True
30/01/2013;True
31/01/2013;True
31/01/2013;True
31/01/2013;True
01/02/2013;True
01/02/2013;True
01/02/2013;True
02/02/2013;True
03/02/2013;True
04/02/2013;True
05/02/2013;True
06/02/2013;True
07/02/2013;True
08/02/2013;True
09/02/2013;True
10/02/2013;True
11/02/2013;True
12/02/2013;True
13/02/2013;True
14/02/2013;True
15/02/2013;True
16/02/2013;True
17/02/2013;True
18/02/2013;True
19/02/2013;True
20/02/2013;True
21/02/2013;True
22/02/2013;True
23/02/2013;True
24/02/2013;True
25/02/2013;True
26/02/2013;True
27/02/2013;True
28/02/2013;True
01/03/2013;True
02/03/2013;True
03/03/2013;True
04/03/2013;True
04/03/2013;True
04/03/2013;True
04/03/2013;True
04/03/2013;True
05/03/2013;True
05/03/2013;True
05/03/2013;True
05/03/2013;True
05/03/2013;True
05/03/2013;True
06/03/2013;True
06/03/2013;True
06/03/2013;True
06/03/2013;True
06/03/2013;True
06/03/2013;True
07/03/2013;True
08/03/2013;True
09/03/2013;True
10/03/2013;True
11/03/2013;True
12/03/2013;True
13/03/2013;True
14/03/2013;True
15/03/2013;True
16/03/2013;True
17/03/2013;True
18/03/2013;True
19/03/2013;True
20/03/2013;True
21/03/2013;True
22/03/2013;True
22/03/2013;True
23/03/2013;True
23/03/2013;True
24/03/2013;True
24/03/2013;True
25/03/2013;True
25/03/2013;True
25/03/2013;True
26/03/2013;True
26/03/2013;True
27/03/2013;True
27/03/2013;True
28/03/2013;True
29/03/2013;True
30/03/2013;True
31/03/2013;True
01/04/2013;True
02/04/2013;True
03/04/2013;True
04/04/2013;True
05/04/2013;True
06/04/2013;True
07/04/2013;True
08/04/2013;True
08/04/2013;True
08/04/2013;True
09/04/2013;True
09/04/2013;True
09/04/2013;True
09/04/2013;True
10/04/2013;True
10/04/2013;True
10/04/2013;True
10/04/2013;True
11/04/2013;True
12/04/2013;True
13/04/2013;True
14/04/2013;True
15/04/2013;True
16/04/2013;True
17/04/2013;True
18/04/2013;True
19/04/2013;True
20/04/2013;True
21/04/2013;True
22/04/2013;True
23/04/2013;True
24/04/2013;True
25/04/2013;True
26/04/2013;True
27/04/2013;True
28/04/2013;True
29/04/2013;True
29/04/2013;True
30/04/2013;True
30/04/2013;True
01/05/2013;True
01/05/2013;True
02/05/2013;True
03/05/2013;True
04/05/2013;True
05/05/2013;True
06/05/2013;True
07/05/2013;True
08/05/2013;True
09/05/2013;True
10/05/2013;True
11/05/2013;True
12/05/2013;True
13/05/2013;True
14/05/2013;True
15/05/2013;True
16/05/2013;True
17/05/2013;True
18/05/2013;True
19/05/2013;True
20/05/2013;True
21/05/2013;True
22/05/2013;True
23/05/2013;True
24/05/2013;True
25/05/2013;True
26/05/2013;True
27/05/2013;True
28/05/2013;True
29/05/2013;True
30/05/2013;True
31/05/2013;True
01/06/2013;True
02/06/2013;True
03/06/2013;True
04/06/2013;True
05/06/2013;True
06/06/2013;True
07/06/2013;True
08/06/2013;True
09/06/2013;True
10/06/2013;True
11/06/2013;True
12/06/2013;True
12/06/2013;True
12/06/2013;True
13/06/2013;True
13/06/2013;True
13/06/2013;True
14/06/2013;True
14/06/2013;True
14/06/2013;True
15/06/2013;True
16/06/2013;True
17/06/2013;True
18/06/2013;True
19/06/2013;True
20/06/2013;True
21/06/2013;True
22/06/2013;True
23/06/2013;True
24/06/2013;True
25/06/2013;True
26/06/2013;True
27/06/2013;True
28/06/2013;True
29/06/2013;True
30/06/2013;True
01/07/2013;True
02/07/2013;True
03/07/2013;True
04/07/2013;True
05/07/2013;True
06/07/2013;True
07/07/2013;True
08/07/2013;True
09/07/2013;True
10/07/2013;True
11/07/2013;True
12/07/2013;True
13/07/2013;True
14/07/2013;True
15/07/2013;True
16/07/2013;True
17/07/2013;True
18/07/2013;True
19/07/2013;True
20/07/2013;True
21/07/2013;True
22/07/2013;True
23/07/2013;True
24/07/2013;True
25/07/2013;True
26/07/2013;True
27/07/2013;True
28/07/2013;True
29/07/2013;True
30/07/2013;True
31/07/2013;True
01/08/2013;True
02/08/2013;True
03/08/2013;True
04/08/2013;True
05/08/2013;True
06/08/2013;True
07/08/2013;True
08/08/2013;True
09/08/2013;True
10/08/2013;True
11/08/2013;True
12/08/2013;True
13/08/2013;True
14/08/2013;True
15/08/2013;True
16/08/2013;True
17/08/2013;True
18/08/2013;True
19/08/2013;True
20/08/2013;True
21/08/2013;True
22/08/2013;True
23/08/2013;True
24/08/2013;True
25/08/2013;True
26/08/2013;True
27/08/2013;True
28/08/2013;True
29/08/2013;True
30/08/2013;True
31/08/2013;True
01/09/2013;True
02/09/2013;True
03/09/2013;True
04/09/2013;True
05/09/2013;True
06/09/2013;True
07/09/2013;True
08/09/2013;True
09/09/2013;True
09/09/2013;True
10/09/2013;True
10/09/2013;True
11/09/2013;True
11/09/2013;True
12/09/2013;True
13/09/2013;True
14/09/2013;True
15/09/2013;True
16/09/2013;True
17/09/2013;True
18/09/2013;True
19/09/2013;True
20/09/2013;True
21/09/2013;True
22/09/2013;True
23/09/2013;True
24/09/2013;True
25/09/2013;True
26/09/2013;True
27/09/2013;True
28/09/2013;True
29/09/2013;True
30/09/2013;True
01/10/2013;True
02/10/2013;True
03/10/2013;True
04/10/2013;True
05/10/2013;True
06/10/2013;True
07/10/2013;True
08/10/2013;True
08/10/2013;True
08/10/2013;True
08/10/2013;True
09/10/2013;True
09/10/2013;True
09/10/2013;True
09/10/2013;True
09/10/2013;True
10/10/2013;True
10/10/2013;True
10/10/2013;True
10/10/2013;True
11/10/2013;True
12/10/2013;True
13/10/2013;True
14/10/2013;True
15/10/2013;True
15/10/2013;True
15/10/2013;True
16/10/2013;True
16/10/2013;True
16/10/2013;True
17/10/2013;True
17/10/2013;True
17/10/2013;True
18/10/2013;True
19/10/2013;True
20/10/2013;True
21/10/2013;True
22/10/2013;True
23/10/2013;True
24/10/2013;True
25/10/2013;True
26/10/2013;True
27/10/2013;True
28/10/2013;True
29/10/2013;True
30/10/2013;True
31/10/2013;True
01/11/2013;True
02/11/2013;True
03/11/2013;True
04/11/2013;True
05/11/2013;True
06/11/2013;True
07/11/2013;True
08/11/2013;True
09/11/2013;True
10/11/2013;True
11/11/2013;True
12/11/2013;True
13/11/2013;True
14/11/2013;True
15/11/2013;True
16/11/2013;True
17/11/2013;True
18/11/2013;True
19/11/2013;True
20/11/2013;True
21/11/2013;True
22/11/2013;True
23/11/2013;True
24/11/2013;True
25/11/2013;True
26/11/2013;True
27/11/2013;True
28/11/2013;True
29/11/2013;True
30/11/2013;True
01/12/2013;True
02/12/2013;True
03/12/2013;True
04/12/2013;True
05/12/2013;True
06/12/2013;True
07/12/2013;True
08/12/2013;True
09/12/2013;True
10/12/2013;True
11/12/2013;True
11/12/2013;True
11/12/2013;True
11/12/2013;True
12/12/2013;True
12/12/2013;True
12/12/2013;True
13/12/2013;True
13/12/2013;True
13/12/2013;True
14/12/2013;False
15/12/2013;False
16/12/2013;False
17/12/2013;False
18/12/2013;False
19/12/2013;False
20/12/2013;False
21/12/2013;False
22/12/2013;False
23/12/2013;False
24/12/2013;False
25/12/2013;False
26/12/2013;False
27/12/2013;False
28/12/2013;False
29/12/2013;False
30/12/2013;False
31/12/2013;False
01/01/2014;True
02/01/2014;True
03/01/2014;True
04/01/2014;True
05/01/2014;True
06/01/2014;True
07/01/2014;True
08/01/2014;True
09/01/2014;True
10/01/2014;True
11/01/2014;True
12/01/2014;True
13/01/2014;True
14/01/2014;True
15/01/2014;True
16/01/2014;True
17/01/2014;True
18/01/2014;True
19/01/2014;True
20/01/2014;True
21/01/2014;True
22/01/2014;True
23/01/2014;True
24/01/2014;True
25/01/2014;True
26/01/2014;True
27/01/2014;True
28/01/2014;True
29/01/2014;True
30/01/2014;True
31/01/2014;True
01/02/2014;True
02/02/2014;True
03/02/2014;True
04/02/2014;True
04/02/2014;True
05/02/2014;True
05/02/2014;True
06/02/2014;True
07/02/2014;True
08/02/2014;True
09/02/2014;True
10/02/2014;True
11/02/2014;True
12/02/2014;True
12/02/2014;True
13/02/2014;True
13/02/2014;True
14/02/2014;True
14/02/2014;True
15/02/2014;True
16/02/2014;True
17/02/2014;True
18/02/2014;True
19/02/2014;True
20/02/2014;True
21/02/2014;True
22/02/2014;True
23/02/2014;True
24/02/2014;True
25/02/2014;True
26/02/2014;True
27/02/2014;True
28/02/2014;True
01/03/2014;True
02/03/2014;True
03/03/2014;True
04/03/2014;True
05/03/2014;True
06/03/2014;True
07/03/2014;True
07/03/2014;True
08/03/2014;True
08/03/2014;True
09/03/2014;True
09/03/2014;True
10/03/2014;True
11/03/2014;True
12/03/2014;True
13/03/2014;True
14/03/2014;True
15/03/2014;True
16/03/2014;True
17/03/2014;True
17/03/2014;True
18/03/2014;True
18/03/2014;True
19/03/2014;True
19/03/2014;True
20/03/2014;True
21/03/2014;True
22/03/2014;True
23/03/2014;True
24/03/2014;True
25/03/2014;True
26/03/2014;True
27/03/2014;False
28/03/2014;False
29/03/2014;False
30/03/2014;False
31/03/2014;False
01/04/2014;False
02/04/2014;False
03/04/2014;False
04/04/2014;False
05/04/2014;False
06/04/2014;False
07/04/2014;False
08/04/2014;False
09/04/2014;False
10/04/2014;False
11/04/2014;False
12/04/2014;False
13/04/2014;False
14/04/2014;False
15/04/2014;False
16/04/2014;False
17/04/2014;False
18/04/2014;False
19/04/2014;False
20/04/2014;False
21/04/2014;False
22/04/2014;False
23/04/2014;False
24/04/2014;False
25/04/2014;False
26/04/2014;False
27/04/2014;False
28/04/2014;False
29/04/2014;False
30/04/2014;False
01/05/2014;False
02/05/2014;False
03/05/2014;False
04/05/2014;False
05/05/2014;False
06/05/2014;False
07/05/2014;False
08/05/2014;False
09/05/2014;False
10/05/2014;False
11/05/2014;False
12/05/2014;False
13/05/2014;False
14/05/2014;False
15/05/2014;False
16/05/2014;False
17/05/2014;False
18/05/2014;False
19/05/2014;False
20/05/2014;False
21/05/2014;True
21/05/2014;True
21/05/2014;True
21/05/2014;True
21/05/2014;True
21/05/2014;True
22/05/2014;True
22/05/2014;True
22/05/2014;True
22/05/2014;True
22/05/2014;True
22/05/2014;True
23/05/2014;True
23/05/2014;True
23/05/2014;True
23/05/2014;True
23/05/2014;True
23/05/2014;True
24/05/2014;False
25/05/2014;False
26/05/2014;False
27/05/2014;False
28/05/2014;False
29/05/2014;False
30/05/2014;False
31/05/2014;False
01/06/2014;False
02/06/2014;False
03/06/2014;False
04/06/2014;False
05/06/2014;False
06/06/2014;False
07/06/2014;False
08/06/2014;False
09/06/2014;False
10/06/2014;False
11/06/2014;False
12/06/2014;False
13/06/2014;False
14/06/2014;False
15/06/2014;False
16/06/2014;False
17/06/2014;False
18/06/2014;False
19/06/2014;False
20/06/2014;False
21/06/2014;False
22/06/2014;False
23/06/2014;False
24/06/2014;False
25/06/2014;False
26/06/2014;False
27/06/2014;False
28/06/2014;False
29/06/2014;False
30/06/2014;False
01/07/2014;False
02/07/2014;False
03/07/2014;False
04/07/2014;False
05/07/2014;False
06/07/2014;False
07/07/2014;False
08/07/2014;False
09/07/2014;False
10/07/2014;False
11/07/2014;False
12/07/2014;False
13/07/2014;False
14/07/2014;False
15/07/2014;False
16/07/2014;False
17/07/2014;False
18/07/2014;False
19/07/2014;False
20/07/2014;False
21/07/2014;False
22/07/2014;False
23/07/2014;False
24/07/2014;False
25/07/2014;False
26/07/2014;False
27/07/2014;False
28/07/2014;False
29/07/2014;False
30/07/2014;False
31/07/2014;False
01/08/2014;False
02/08/2014;False
03/08/2014;False
04/08/2014;False
05/08/2014;False
06/08/2014;False
07/08/2014;False
08/08/2014;False
09/08/2014;False
10/08/2014;False
11/08/2014;False
12/08/2014;False
13/08/2014;False
14/08/2014;False
15/08/2014;False
16/08/2014;False
17/08/2014;False
18/08/2014;False
19/08/2014;False
20/08/2014;False
21/08/2014;False
22/08/2014;False
23/08/2014;False
24/08/2014;False
25/08/2014;False
26/08/2014;False
27/08/2014;False
28/08/2014;False
29/08/2014;False
30/08/2014;False
31/08/2014;False
01/09/2014;False
02/09/2014;False
03/09/2014;False
04/09/2014;False
05/09/2014;False
06/09/2014;False
07/09/2014;False
08/09/2014;False
09/09/2014;False
10/09/2014;False
11/09/2014;False
12/09/2014;False
13/09/2014;False
14/09/2014;False
15/09/2014;False
16/09/2014;False
17/09/2014;False
18/09/2014;False
19/09/2014;False
20/09/2014;False
21/09/2014;False
22/09/2014;False
23/09/2014;False
24/09/2014;False
25/09/2014;False
26/09/2014;False
27/09/2014;False
28/09/2014;False
29/09/2014;False
30/09/2014;False
01/10/2014;False
02/10/2014;False
03/10/2014;False
04/10/2014;False
05/10/2014;False
06/10/2014;False
07/10/2014;False
08/10/2014;False
09/10/2014;False
10/10/2014;False
11/10/2014;False
12/10/2014;False
13/10/2014;False
14/10/2014;False
15/10/2014;False
16/10/2014;False
17/10/2014;False
18/10/2014;False
19/10/2014;False
20/10/2014;False
21/10/2014;False
22/10/2014;False
23/10/2014;False
24/10/2014;False
25/10/2014;False
26/10/2014;False
27/10/2014;False
28/10/2014;False
29/10/2014;False
30/10/2014;False
31/10/2014;False
01/11/2014;False
02/11/2014;False
03/11/2014;False
04/11/2014;False
05/11/2014;False
06/11/2014;False
07/11/2014;False
08/11/2014;False
09/11/2014;False
10/11/2014;False
11/11/2014;False
12/11/2014;False
13/11/2014;False
14/11/2014;False
15/11/2014;False
16/11/2014;False
17/11/2014;False
18/11/2014;False
19/11/2014;False
20/11/2014;False
21/11/2014;False
22/11/2014;False
23/11/2014;False
24/11/2014;False
25/11/2014;False
26/11/2014;False
27/11/2014;False
28/11/2014;False
29/11/2014;False
30/11/2014;False
01/12/2014;False
02/12/2014;False
03/12/2014;False
04/12/2014;False
05/12/2014;False
06/12/2014;False
07/12/2014;False
08/12/2014;False
09/12/2014;False
10/12/2014;False
11/12/2014;False
12/12/2014;False
13/12/2014;False
14/12/2014;False
15/12/2014;False
16/12/2014;False
17/12/2014;False
18/12/2014;False
19/12/2014;False
20/12/2014;False
21/12/2014;False
22/12/2014;False
23/12/2014;False
24/12/2014;False
25/12/2014;False
26/12/2014;False
27/12/2014;False
28/12/2014;False
29/12/2014;False
30/12/2014;False
31/12/2014;False
01/01/2015;False
02/01/2015;False
03/01/2015;True
04/01/2015;True
05/01/2015;True
06/01/2015;True
07/01/2015;True
08/01/2015;True
09/01/2015;True
10/01/2015;True
11/01/2015;True
12/01/2015;True
13/01/2015;True
14/01/2015;True
15/01/2015;True
16/01/2015;True
17/01/2015;True
18/01/2015;True
19/01/2015;True
20/01/2015;True
21/01/2015;True
22/01/2015;True
23/01/2015;True
24/01/2015;True
25/01/2015;True
26/01/2015;True
27/01/2015;True
28/01/2015;True
28/01/2015;True
29/01/2015;True
29/01/2015;True
29/01/2015;True
30/01/2015;True
30/01/2015;True
31/01/2015;True
01/02/2015;True
02/02/2015;True
03/02/2015;True
04/02/2015;True
05/02/2015;True
06/02/2015;True
07/02/2015;True
08/02/2015;True
09/02/2015;True
10/02/2015;True
11/02/2015;True
12/02/2015;True
13/02/2015;True
14/02/2015;True
15/02/2015;True
16/02/2015;True
17/02/2015;True
18/02/2015;True
19/02/2015;True
20/02/2015;True
21/02/2015;True
22/02/2015;True
23/02/2015;True
24/02/2015;True
25/02/2015;True
26/02/2015;True
27/02/2015;True
28/02/2015;True
01/03/2015;True
02/03/2015;True
03/03/2015;True
04/03/2015;True
05/03/2015;True
06/03/2015;True
07/03/2015;True
08/03/2015;True
09/03/2015;True
10/03/2015;True
10/03/2015;True
11/03/2015;True
12/03/2015;False
13/03/2015;False
14/03/2015;False
15/03/2015;False
16/03/2015;False
17/03/2015;False
18/03/2015;False
19/03/2015;False
20/03/2015;False
21/03/2015;False
22/03/2015;False
23/03/2015;False
24/03/2015;False
25/03/2015;False
26/03/2015;False
27/03/2015;False
28/03/2015;False
29/03/2015;False
30/03/2015;False
31/03/2015;False
01/04/2015;False
02/04/2015;False
03/04/2015;False
04/04/2015;False
05/04/2015;False
06/04/2015;False
07/04/2015;False
08/04/2015;True
09/04/2015;True
09/04/2015;True
10/04/2015;True
11/04/2015;False
12/04/2015;False
13/04/2015;False
14/04/2015;False
15/04/2015;False
16/04/2015;False
17/04/2015;False
18/04/2015;False
19/04/2015;False
20/04/2015;False
21/04/2015;False
22/04/2015;False
23/04/2015;False
24/04/2015;False
25/04/2015;False
26/04/2015;False
27/04/2015;False
28/04/2015;False
29/04/2015;False
30/04/2015;False
01/05/2015;False
02/05/2015;False
03/05/2015;False
04/05/2015;False
05/05/2015;False
06/05/2015;False
07/05/2015;False
08/05/2015;False
09/05/2015;False
10/05/2015;False
11/05/2015;False
12/05/2015;False
13/05/2015;False
14/05/2015;False
15/05/2015;False
16/05/2015;False
17/05/2015;False
18/05/2015;False
19/05/2015;False
20/05/2015;False
21/05/2015;False
22/05/2015;False
23/05/2015;False
24/05/2015;False
25/05/2015;False
26/05/2015;False
27/05/2015;False
28/05/2015;False
29/05/2015;False
30/05/2015;False
31/05/2015;False
01/06/2015;False
02/06/2015;False
03/06/2015;False
04/06/2015;False
05/06/2015;False
06/06/2015;False
07/06/2015;False
08/06/2015;False
09/06/2015;False
10/06/2015;False
11/06/2015;False
12/06/2015;False
13/06/2015;False
14/06/2015;False
15/06/2015;False
16/06/2015;False
17/06/2015;False
18/06/2015;False
19/06/2015;False
20/06/2015;False
21/06/2015;False
22/06/2015;False
23/06/2015;False
24/06/2015;False
25/06/2015;True
26/06/2015;False
27/06/2015;False
28/06/2015;False
29/06/2015;False
30/06/2015;False
01/07/2015;False
02/07/2015;False
03/07/2015;False
04/07/2015;False
05/07/2015;True
06/07/2015;True
07/07/2015;True
08/07/2015;True
09/07/2015;True
10/07/2015;True
11/07/2015;False
12/07/2015;False
13/07/2015;False
14/07/2015;False
15/07/2015;False
16/07/2015;False
17/07/2015;False
18/07/2015;False
19/07/2015;False
20/07/2015;False
21/07/2015;False
22/07/2015;False
23/07/2015;False
24/07/2015;False
25/07/2015;False
26/07/2015;False
27/07/2015;False
28/07/2015;False
29/07/2015;False
30/07/2015;False
31/07/2015;True
01/08/2015;True
02/08/2015;True
03/08/2015;True
04/08/2015;True
05/08/2015;True
06/08/2015;True
07/08/2015;True
08/08/2015;True
09/08/2015;True
10/08/2015;True
11/08/2015;True
12/08/2015;True
13/08/2015;True
14/08/2015;True
15/08/2015;True
16/08/2015;True
17/08/2015;True
18/08/2015;True
19/08/2015;True
20/08/2015;True
21/08/2015;True
22/08/2015;True
23/08/2015;True
24/08/2015;True
25/08/2015;True
26/08/2015;True
27/08/2015;True
28/08/2015;True
29/08/2015;True
30/08/2015;True
31/08/2015;True
01/09/2015;True
02/09/2015;True
03/09/2015;True
04/09/2015;True
05/09/2015;True
06/09/2015;True
07/09/2015;True
08/09/2015;True
09/09/2015;True
10/09/2015;False
11/09/2015;False
12/09/2015;False
13/09/2015;False
14/09/2015;False
15/09/2015;False
16/09/2015;False
17/09/2015;False
18/09/2015;False
19/09/2015;False
20/09/2015;False
21/09/2015;False
22/09/2015;False
23/09/2015;False
24/09/2015;False
25/09/2015;False
26/09/2015;False
27/09/2015;False
28/09/2015;False
29/09/2015;False
30/09/2015;False
01/10/2015;False
02/10/2015;False
03/10/2015;False
04/10/2015;False
05/10/2015;False
06/10/2015;False
07/10/2015;True
08/10/2015;True
08/10/2015;True
09/10/2015;True
10/10/2015;False
11/10/2015;False
12/10/2015;False
13/10/2015;False
14/10/2015;False
15/10/2015;False
16/10/2015;False
17/10/2015;False
18/10/2015;False
19/10/2015;False
20/10/2015;False
21/10/2015;False
22/10/2015;False
23/10/2015;False
24/10/2015;False
25/10/2015;False
26/10/2015;False
27/10/2015;False
28/10/2015;False
29/10/2015;False
30/10/2015;False
31/10/2015;False
01/11/2015;False
02/11/2015;False
03/11/2015;False
04/11/2015;False
05/11/2015;False
06/11/2015;False
07/11/2015;False
08/11/2015;False
09/11/2015;False
10/11/2015;False
11/11/2015;False
12/11/2015;False
13/11/2015;False
14/11/2015;False
15/11/2015;False
16/11/2015;False
17/11/2015;False
18/11/2015;False
19/11/2015;False
20/11/2015;False
21/11/2015;False
22/11/2015;False
23/11/2015;False
24/11/2015;False
25/11/2015;False
26/11/2015;False
27/11/2015;False
28/11/2015;False
29/11/2015;False
30/11/2015;False
01/12/2015;False
02/12/2015;False
03/12/2015;False
04/12/2015;False
05/12/2015;False
06/12/2015;False
07/12/2015;False
08/12/2015;False
09/12/2015;False
10/12/2015;False
11/12/2015;False
12/12/2015;False
13/12/2015;False
14/12/2015;False
15/12/2015;False
16/12/2015;False
17/12/2015;False
18/12/2015;False
19/12/2015;False
20/12/2015;False
21/12/2015;False
22/12/2015;False
23/12/2015;False
24/12/2015;False
25/12/2015;False
26/12/2015;False
27/12/2015;False
28/12/2015;False
29/12/2015;False
30/12/2015;False
31/12/2015;False
01/01/2016;False
02/01/2016;False
03/01/2016;False
04/01/2016;True
05/01/2016;False
06/01/2016;False
07/01/2016;False
08/01/2016;False
09/01/2016;False
10/01/2016;False
11/01/2016;False
12/01/2016;False
13/01/2016;False
14/01/2016;False
15/01/2016;False
16/01/2016;False
17/01/2016;False
18/01/2016;False
19/01/2016;False
20/01/2016;False
21/01/2016;False
22/01/2016;False
23/01/2016;False
24/01/2016;False
25/01/2016;False
26/01/2016;False
27/01/2016;False
28/01/2016;False
29/01/2016;False
30/01/2016;False
31/01/2016;False
01/02/2016;False
02/02/2016;False
03/02/2016;False
04/02/2016;True
05/02/2016;True
06/02/2016;True
07/02/2016;True
08/02/2016;True
09/02/2016;True
10/02/2016;True
11/02/2016;True
12/02/2016;True
13/02/2016;True
14/02/2016;True
15/02/2016;True
16/02/2016;True
17/02/2016;True
18/02/2016;True
19/02/2016;True
20/02/2016;True
21/02/2016;True
22/02/2016;True
23/02/2016;True
24/02/2016;True
25/02/2016;True
26/02/2016;True
27/02/2016;True
28/02/2016;True
29/02/2016;True
01/03/2016;True
02/03/2016;True
03/03/2016;True
04/03/2016;True
05/03/2016;True
06/03/2016;True
07/03/2016;True
08/03/2016;True
08/03/2016;True
09/03/2016;True
09/03/2016;True
10/03/2016;True
11/03/2016;True
12/03/2016;True
13/03/2016;True
14/03/2016;True
15/03/2016;True
16/03/2016;True
17/03/2016;True
18/03/2016;True
19/03/2016;True
20/03/2016;True
21/03/2016;True
22/03/2016;True
23/03/2016;True
24/03/2016;True
25/03/2016;True
26/03/2016;True
27/03/2016;True
28/03/2016;True
29/03/2016;True
30/03/2016;True
31/03/2016;True
31/03/2016;True
01/04/2016;True
02/04/2016;True
03/04/2016;True
04/04/2016;True
05/04/2016;False
06/04/2016;False
07/04/2016;False
08/04/2016;False
09/04/2016;False
10/04/2016;False
11/04/2016;False
12/04/2016;False
13/04/2016;False
14/04/2016;False
15/04/2016;False
16/04/2016;False
17/04/2016;False
18/04/2016;False
19/04/2016;False
20/04/2016;False
21/04/2016;False
22/04/2016;False
23/04/2016;False
24/04/2016;False
25/04/2016;False
26/04/2016;True
27/04/2016;False
28/04/2016;True
29/04/2016;False
30/04/2016;False
01/05/2016;False
02/05/2016;False
03/05/2016;False
04/05/2016;False
05/05/2016;False
06/05/2016;False
07/05/2016;False
08/05/2016;False
09/05/2016;False
10/05/2016;False
11/05/2016;False
12/05/2016;False
13/05/2016;False
14/05/2016;False
15/05/2016;False
16/05/2016;False
17/05/2016;True
17/05/2016;True
18/05/2016;True
19/05/2016;True
20/05/2016;True
21/05/2016;True
22/05/2016;True
23/05/2016;True
24/05/2016;True
25/05/2016;True
26/05/2016;True
27/05/2016;True
28/05/2016;True
29/05/2016;True
30/05/2016;True
31/05/2016;True
01/06/2016;True
01/06/2016;True
02/06/2016;True
03/06/2016;True
04/06/2016;True
05/06/2016;True
06/06/2016;True
07/06/2016;True
08/06/2016;True
09/06/2016;True
10/06/2016;True
11/06/2016;True
12/06/2016;True
13/06/2016;True
14/06/2016;True
15/06/2016;True
16/06/2016;True
17/06/2016;True
18/06/2016;True
19/06/2016;True
20/06/2016;True
21/06/2016;True
22/06/2016;True
23/06/2016;True
24/06/2016;True
25/06/2016;True
26/06/2016;True
27/06/2016;True
28/06/2016;True
29/06/2016;True
30/06/2016;True
01/07/2016;True
02/07/2016;True
03/07/2016;True
04/07/2016;True
05/07/2016;True
06/07/2016;True
07/07/2016;True
08/07/2016;True
09/07/2016;True
10/07/2016;True
11/07/2016;True